STATION,NAME,LATITUDE,LONGITUDE,ELEVATION,DATE,YEAR,MONTH,DAY,TAVG,TMAX,TMIN
USS0011J70S,"CASCADE MOUNTAIN, UT US",40.28,-111.61,2369.5,1/1/2004,2004,1,1,28,31,25
USS0011J70S,"CASCADE MOUNTAIN, UT US",40.28,-111.61,2369.5,1/2/2004,2004,1,2,22.5,28,17
USS0011J70S,"CASCADE MOUNTAIN, UT US",40.28,-111.61,2369.5,1/3/2004,2004,1,3,14.5,22,7
USS0011J70S,"CASCADE MOUNTAIN, UT US",40.28,-111.61,2369.5,1/4/2004,2004,1,4,10,15,5
USS0011J70S,"CASCADE MOUNTAIN, UT US",40.28,-111.61,2369.5,1/5/2004,2004,1,5,12.5,17,8
USS0011J70S,"CASCADE MOUNTAIN, UT US",40.28,-111.61,2369.5,1/6/2004,2004,1,6,25.5,36,15
USS0011J70S,"CASCADE MOUNTAIN, UT US",40.28,-111.61,2369.5,1/7/2004,2004,1,7,29.5,34,25
USS0011J70S,"CASCADE MOUNTAIN, UT US",40.28,-111.61,2369.5,1/8/2004,2004,1,8,34.5,41,28
USS0011J70S,"CASCADE MOUNTAIN, UT US",40.28,-111.61,2369.5,1/9/2004,2004,1,9,42.5,51,34
USS0011J70S,"CASCADE MOUNTAIN, UT US",40.28,-111.61,2369.5,1/10/2004,2004,1,10,43.5,49,38
USS0011J70S,"CASCADE MOUNTAIN, UT US",40.28,-111.61,2369.5,1/11/2004,2004,1,11,42,48,36
USS0011J70S,"CASCADE MOUNTAIN, UT US",40.28,-111.61,2369.5,1/12/2004,2004,1,12,39.5,45,34
USS0011J70S,"CASCADE MOUNTAIN, UT US",40.28,-111.61,2369.5,1/13/2004,2004,1,13,38,43,33
USS0011J70S,"CASCADE MOUNTAIN, UT US",40.28,-111.61,2369.5,1/14/2004,2004,1,14,41.5,49,34
USS0011J70S,"CASCADE MOUNTAIN, UT US",40.28,-111.61,2369.5,1/15/2004,2004,1,15,34,42,26
USS0011J70S,"CASCADE MOUNTAIN, UT US",40.28,-111.61,2369.5,1/16/2004,2004,1,16,23.5,28,19
USS0011J70S,"CASCADE MOUNTAIN, UT US",40.28,-111.61,2369.5,1/17/2004,2004,1,17,30,39,21
USS0011J70S,"CASCADE MOUNTAIN, UT US",40.28,-111.61,2369.5,1/18/2004,2004,1,18,32,39,25
USS0011J70S,"CASCADE MOUNTAIN, UT US",40.28,-111.61,2369.5,1/19/2004,2004,1,19,26.5,31,22
USS0011J70S,"CASCADE MOUNTAIN, UT US",40.28,-111.61,2369.5,1/20/2004,2004,1,20,23.5,29,18
USS0011J70S,"CASCADE MOUNTAIN, UT US",40.28,-111.61,2369.5,1/21/2004,2004,1,21,22,29,15
USS0011J70S,"CASCADE MOUNTAIN, UT US",40.28,-111.61,2369.5,1/22/2004,2004,1,22,23,31,15
USS0011J70S,"CASCADE MOUNTAIN, UT US",40.28,-111.61,2369.5,1/23/2004,2004,1,23,34.5,43,26
USS0011J70S,"CASCADE MOUNTAIN, UT US",40.28,-111.61,2369.5,1/24/2004,2004,1,24,31.5,37,26
USS0011J70S,"CASCADE MOUNTAIN, UT US",40.28,-111.61,2369.5,1/25/2004,2004,1,25,19,26,12
USS0011J70S,"CASCADE MOUNTAIN, UT US",40.28,-111.61,2369.5,1/26/2004,2004,1,26,16.5,21,12
USS0011J70S,"CASCADE MOUNTAIN, UT US",40.28,-111.61,2369.5,1/27/2004,2004,1,27,23,29,17
USS0011J70S,"CASCADE MOUNTAIN, UT US",40.28,-111.61,2369.5,1/28/2004,2004,1,28,32.5,38,27
USS0011J70S,"CASCADE MOUNTAIN, UT US",40.28,-111.61,2369.5,1/29/2004,2004,1,29,32.5,37,28
USS0011J70S,"CASCADE MOUNTAIN, UT US",40.28,-111.61,2369.5,1/30/2004,2004,1,30,30.5,38,23
USS0011J70S,"CASCADE MOUNTAIN, UT US",40.28,-111.61,2369.5,1/31/2004,2004,1,31,18,27,9
USS0011J70S,"CASCADE MOUNTAIN, UT US",40.28,-111.61,2369.5,2/1/2004,2004,2,1,16,23,9
USS0011J70S,"CASCADE MOUNTAIN, UT US",40.28,-111.61,2369.5,2/2/2004,2004,2,2,26.5,33,20
USS0011J70S,"CASCADE MOUNTAIN, UT US",40.28,-111.61,2369.5,2/3/2004,2004,2,3,26,29,23
USS0011J70S,"CASCADE MOUNTAIN, UT US",40.28,-111.61,2369.5,2/4/2004,2004,2,4,25,29,21
USS0011J70S,"CASCADE MOUNTAIN, UT US",40.28,-111.61,2369.5,2/5/2004,2004,2,5,21.5,27,16
USS0011J70S,"CASCADE MOUNTAIN, UT US",40.28,-111.61,2369.5,2/6/2004,2004,2,6,21.5,29,14
USS0011J70S,"CASCADE MOUNTAIN, UT US",40.28,-111.61,2369.5,2/7/2004,2004,2,7,26,35,17
USS0011J70S,"CASCADE MOUNTAIN, UT US",40.28,-111.61,2369.5,2/8/2004,2004,2,8,19.5,23,16
USS0011J70S,"CASCADE MOUNTAIN, UT US",40.28,-111.61,2369.5,2/9/2004,2004,2,9,18,24,12
USS0011J70S,"CASCADE MOUNTAIN, UT US",40.28,-111.61,2369.5,2/10/2004,2004,2,10,22.5,34,11
USS0011J70S,"CASCADE MOUNTAIN, UT US",40.28,-111.61,2369.5,2/11/2004,2004,2,11,13.5,19,8
USS0011J70S,"CASCADE MOUNTAIN, UT US",40.28,-111.61,2369.5,2/12/2004,2004,2,12,13,21,5
USS0011J70S,"CASCADE MOUNTAIN, UT US",40.28,-111.61,2369.5,2/13/2004,2004,2,13,21,31,11
USS0011J70S,"CASCADE MOUNTAIN, UT US",40.28,-111.61,2369.5,2/14/2004,2004,2,14,29,37,21
USS0011J70S,"CASCADE MOUNTAIN, UT US",40.28,-111.61,2369.5,2/15/2004,2004,2,15,29,36,22
USS0011J70S,"CASCADE MOUNTAIN, UT US",40.28,-111.61,2369.5,2/16/2004,2004,2,16,34.5,41,28
USS0011J70S,"CASCADE MOUNTAIN, UT US",40.28,-111.61,2369.5,2/17/2004,2004,2,17,40,48,32
USS0011J70S,"CASCADE MOUNTAIN, UT US",40.28,-111.61,2369.5,2/18/2004,2004,2,18,40,47,33
USS0011J70S,"CASCADE MOUNTAIN, UT US",40.28,-111.61,2369.5,2/19/2004,2004,2,19,27,33,21
USS0011J70S,"CASCADE MOUNTAIN, UT US",40.28,-111.61,2369.5,2/20/2004,2004,2,20,26.5,35,18
USS0011J70S,"CASCADE MOUNTAIN, UT US",40.28,-111.61,2369.5,2/21/2004,2004,2,21,31,36,26
USS0011J70S,"CASCADE MOUNTAIN, UT US",40.28,-111.61,2369.5,2/22/2004,2004,2,22,33,38,28
USS0011J70S,"CASCADE MOUNTAIN, UT US",40.28,-111.61,2369.5,2/23/2004,2004,2,23,35.5,41,30
USS0011J70S,"CASCADE MOUNTAIN, UT US",40.28,-111.61,2369.5,2/24/2004,2004,2,24,32.5,38,27
USS0011J70S,"CASCADE MOUNTAIN, UT US",40.28,-111.61,2369.5,2/25/2004,2004,2,25,34.5,42,27
USS0011J70S,"CASCADE MOUNTAIN, UT US",40.28,-111.61,2369.5,2/26/2004,2004,2,26,30.5,39,22
USS0011J70S,"CASCADE MOUNTAIN, UT US",40.28,-111.61,2369.5,2/27/2004,2004,2,27,29.5,36,23
USS0011J70S,"CASCADE MOUNTAIN, UT US",40.28,-111.61,2369.5,2/28/2004,2004,2,28,26.5,30,23
USS0011J70S,"CASCADE MOUNTAIN, UT US",40.28,-111.61,2369.5,2/29/2004,2004,2,29,23,26,20
USS0011J70S,"CASCADE MOUNTAIN, UT US",40.28,-111.61,2369.5,3/1/2004,2004,3,1,27,37,17
USS0011J70S,"CASCADE MOUNTAIN, UT US",40.28,-111.61,2369.5,3/2/2004,2004,3,2,32,40,24
USS0011J70S,"CASCADE MOUNTAIN, UT US",40.28,-111.61,2369.5,3/3/2004,2004,3,3,29,36,22
USS0011J70S,"CASCADE MOUNTAIN, UT US",40.28,-111.61,2369.5,3/4/2004,2004,3,4,25,28,22
USS0011J70S,"CASCADE MOUNTAIN, UT US",40.28,-111.61,2369.5,3/5/2004,2004,3,5,25.5,33,18
USS0011J70S,"CASCADE MOUNTAIN, UT US",40.28,-111.61,2369.5,3/6/2004,2004,3,6,30.5,33,28
USS0011J70S,"CASCADE MOUNTAIN, UT US",40.28,-111.61,2369.5,3/7/2004,2004,3,7,34,43,25
USS0011J70S,"CASCADE MOUNTAIN, UT US",40.28,-111.61,2369.5,3/8/2004,2004,3,8,42,50,34
USS0011J70S,"CASCADE MOUNTAIN, UT US",40.28,-111.61,2369.5,3/9/2004,2004,3,9,47,55,39
USS0011J70S,"CASCADE MOUNTAIN, UT US",40.28,-111.61,2369.5,3/10/2004,2004,3,10,38,45,31
USS0011J70S,"CASCADE MOUNTAIN, UT US",40.28,-111.61,2369.5,3/11/2004,2004,3,11,38.5,47,30
USS0011J70S,"CASCADE MOUNTAIN, UT US",40.28,-111.61,2369.5,3/12/2004,2004,3,12,43,50,36
USS0011J70S,"CASCADE MOUNTAIN, UT US",40.28,-111.61,2369.5,3/13/2004,2004,3,13,40,47,33
USS0011J70S,"CASCADE MOUNTAIN, UT US",40.28,-111.61,2369.5,3/14/2004,2004,3,14,43,49,37
USS0011J70S,"CASCADE MOUNTAIN, UT US",40.28,-111.61,2369.5,3/15/2004,2004,3,15,39,46,32
USS0011J70S,"CASCADE MOUNTAIN, UT US",40.28,-111.61,2369.5,3/16/2004,2004,3,16,41,47,35
USS0011J70S,"CASCADE MOUNTAIN, UT US",40.28,-111.61,2369.5,3/17/2004,2004,3,17,42,49,35
USS0011J70S,"CASCADE MOUNTAIN, UT US",40.28,-111.61,2369.5,3/18/2004,2004,3,18,47,55,39
USS0011J70S,"CASCADE MOUNTAIN, UT US",40.28,-111.61,2369.5,3/19/2004,2004,3,19,53.5,60,47
USS0011J70S,"CASCADE MOUNTAIN, UT US",40.28,-111.61,2369.5,3/20/2004,2004,3,20,56,64,48
USS0011J70S,"CASCADE MOUNTAIN, UT US",40.28,-111.61,2369.5,3/21/2004,2004,3,21,59.5,67,52
USS0011J70S,"CASCADE MOUNTAIN, UT US",40.28,-111.61,2369.5,3/22/2004,2004,3,22,57.5,65,50
USS0011J70S,"CASCADE MOUNTAIN, UT US",40.28,-111.61,2369.5,3/23/2004,2004,3,23,53.5,62,45
USS0011J70S,"CASCADE MOUNTAIN, UT US",40.28,-111.61,2369.5,3/24/2004,2004,3,24,49.5,56,43
USS0011J70S,"CASCADE MOUNTAIN, UT US",40.28,-111.61,2369.5,3/25/2004,2004,3,25,50.5,57,44
USS0011J70S,"CASCADE MOUNTAIN, UT US",40.28,-111.61,2369.5,3/26/2004,2004,3,26,37,49,25
USS0011J70S,"CASCADE MOUNTAIN, UT US",40.28,-111.61,2369.5,3/27/2004,2004,3,27,32,38,26
USS0011J70S,"CASCADE MOUNTAIN, UT US",40.28,-111.61,2369.5,3/28/2004,2004,3,28,33.5,42,25
USS0011J70S,"CASCADE MOUNTAIN, UT US",40.28,-111.61,2369.5,3/29/2004,2004,3,29,43,55,31
USS0011J70S,"CASCADE MOUNTAIN, UT US",40.28,-111.61,2369.5,3/30/2004,2004,3,30,51.5,60,43
USS0011J70S,"CASCADE MOUNTAIN, UT US",40.28,-111.61,2369.5,3/31/2004,2004,3,31,54,61,47
USS0011J70S,"CASCADE MOUNTAIN, UT US",40.28,-111.61,2369.5,4/1/2004,2004,4,1,45,52,38
USS0011J70S,"CASCADE MOUNTAIN, UT US",40.28,-111.61,2369.5,4/2/2004,2004,4,2,48,56,40
USS0011J70S,"CASCADE MOUNTAIN, UT US",40.28,-111.61,2369.5,4/3/2004,2004,4,3,47,54,40
USS0011J70S,"CASCADE MOUNTAIN, UT US",40.28,-111.61,2369.5,4/4/2004,2004,4,4,47,54,40
USS0011J70S,"CASCADE MOUNTAIN, UT US",40.28,-111.61,2369.5,4/5/2004,2004,4,5,49.5,57,42
USS0011J70S,"CASCADE MOUNTAIN, UT US",40.28,-111.61,2369.5,4/6/2004,2004,4,6,48.5,58,39
USS0011J70S,"CASCADE MOUNTAIN, UT US",40.28,-111.61,2369.5,4/7/2004,2004,4,7,43,48,38
USS0011J70S,"CASCADE MOUNTAIN, UT US",40.28,-111.61,2369.5,4/8/2004,2004,4,8,40.5,44,37
USS0011J70S,"CASCADE MOUNTAIN, UT US",40.28,-111.61,2369.5,4/9/2004,2004,4,9,36.5,42,31
USS0011J70S,"CASCADE MOUNTAIN, UT US",40.28,-111.61,2369.5,4/10/2004,2004,4,10,34,41,27
USS0011J70S,"CASCADE MOUNTAIN, UT US",40.28,-111.61,2369.5,4/11/2004,2004,4,11,37,45,29
USS0011J70S,"CASCADE MOUNTAIN, UT US",40.28,-111.61,2369.5,4/12/2004,2004,4,12,44,53,35
USS0011J70S,"CASCADE MOUNTAIN, UT US",40.28,-111.61,2369.5,4/13/2004,2004,4,13,51,58,44
USS0011J70S,"CASCADE MOUNTAIN, UT US",40.28,-111.61,2369.5,4/14/2004,2004,4,14,44.5,52,37
USS0011J70S,"CASCADE MOUNTAIN, UT US",40.28,-111.61,2369.5,4/15/2004,2004,4,15,44.5,51,38
USS0011J70S,"CASCADE MOUNTAIN, UT US",40.28,-111.61,2369.5,4/16/2004,2004,4,16,46.5,52,41
USS0011J70S,"CASCADE MOUNTAIN, UT US",40.28,-111.61,2369.5,4/17/2004,2004,4,17,42,52,32
USS0011J70S,"CASCADE MOUNTAIN, UT US",40.28,-111.61,2369.5,4/18/2004,2004,4,18,34.5,38,31
USS0011J70S,"CASCADE MOUNTAIN, UT US",40.28,-111.61,2369.5,4/19/2004,2004,4,19,37,42,32
USS0011J70S,"CASCADE MOUNTAIN, UT US",40.28,-111.61,2369.5,4/20/2004,2004,4,20,39.5,46,33
USS0011J70S,"CASCADE MOUNTAIN, UT US",40.28,-111.61,2369.5,4/21/2004,2004,4,21,35.5,41,30
USS0011J70S,"CASCADE MOUNTAIN, UT US",40.28,-111.61,2369.5,4/22/2004,2004,4,22,37.5,44,31
USS0011J70S,"CASCADE MOUNTAIN, UT US",40.28,-111.61,2369.5,4/23/2004,2004,4,23,41.5,50,33
USS0011J70S,"CASCADE MOUNTAIN, UT US",40.28,-111.61,2369.5,4/24/2004,2004,4,24,43.5,50,37
USS0011J70S,"CASCADE MOUNTAIN, UT US",40.28,-111.61,2369.5,4/25/2004,2004,4,25,43,51,35
USS0011J70S,"CASCADE MOUNTAIN, UT US",40.28,-111.61,2369.5,4/26/2004,2004,4,26,50,59,41
USS0011J70S,"CASCADE MOUNTAIN, UT US",40.28,-111.61,2369.5,4/27/2004,2004,4,27,54,61,47
USS0011J70S,"CASCADE MOUNTAIN, UT US",40.28,-111.61,2369.5,4/28/2004,2004,4,28,39.5,53,26
USS0011J70S,"CASCADE MOUNTAIN, UT US",40.28,-111.61,2369.5,4/29/2004,2004,4,29,29,33,25
USS0011J70S,"CASCADE MOUNTAIN, UT US",40.28,-111.61,2369.5,4/30/2004,2004,4,30,38.5,48,29
USS0011J70S,"CASCADE MOUNTAIN, UT US",40.28,-111.61,2369.5,5/1/2004,2004,5,1,48,56,40
USS0011J70S,"CASCADE MOUNTAIN, UT US",40.28,-111.61,2369.5,5/2/2004,2004,5,2,53,61,45
USS0011J70S,"CASCADE MOUNTAIN, UT US",40.28,-111.61,2369.5,5/3/2004,2004,5,3,58,67,49
USS0011J70S,"CASCADE MOUNTAIN, UT US",40.28,-111.61,2369.5,5/4/2004,2004,5,4,62.5,71,54
USS0011J70S,"CASCADE MOUNTAIN, UT US",40.28,-111.61,2369.5,5/5/2004,2004,5,5,62.5,71,54
USS0011J70S,"CASCADE MOUNTAIN, UT US",40.28,-111.61,2369.5,5/6/2004,2004,5,6,60,67,53
USS0011J70S,"CASCADE MOUNTAIN, UT US",40.28,-111.61,2369.5,5/7/2004,2004,5,7,57,65,49
USS0011J70S,"CASCADE MOUNTAIN, UT US",40.28,-111.61,2369.5,5/8/2004,2004,5,8,59,67,51
USS0011J70S,"CASCADE MOUNTAIN, UT US",40.28,-111.61,2369.5,5/9/2004,2004,5,9,56.5,64,49
USS0011J70S,"CASCADE MOUNTAIN, UT US",40.28,-111.61,2369.5,5/10/2004,2004,5,10,53,70,36
USS0011J70S,"CASCADE MOUNTAIN, UT US",40.28,-111.61,2369.5,5/11/2004,2004,5,11,37,42,32
USS0011J70S,"CASCADE MOUNTAIN, UT US",40.28,-111.61,2369.5,5/12/2004,2004,5,12,38,45,31
USS0011J70S,"CASCADE MOUNTAIN, UT US",40.28,-111.61,2369.5,5/13/2004,2004,5,13,37.5,45,30
USS0011J70S,"CASCADE MOUNTAIN, UT US",40.28,-111.61,2369.5,5/14/2004,2004,5,14,48.5,59,38
USS0011J70S,"CASCADE MOUNTAIN, UT US",40.28,-111.61,2369.5,5/15/2004,2004,5,15,53,63,43
USS0011J70S,"CASCADE MOUNTAIN, UT US",40.28,-111.61,2369.5,5/16/2004,2004,5,16,52,58,46
USS0011J70S,"CASCADE MOUNTAIN, UT US",40.28,-111.61,2369.5,5/17/2004,2004,5,17,56.5,66,47
USS0011J70S,"CASCADE MOUNTAIN, UT US",40.28,-111.61,2369.5,5/18/2004,2004,5,18,52.5,61,44
USS0011J70S,"CASCADE MOUNTAIN, UT US",40.28,-111.61,2369.5,5/19/2004,2004,5,19,51,60,42
USS0011J70S,"CASCADE MOUNTAIN, UT US",40.28,-111.61,2369.5,5/20/2004,2004,5,20,54.5,60,49
USS0011J70S,"CASCADE MOUNTAIN, UT US",40.28,-111.61,2369.5,5/21/2004,2004,5,21,50,58,42
USS0011J70S,"CASCADE MOUNTAIN, UT US",40.28,-111.61,2369.5,5/22/2004,2004,5,22,46,53,39
USS0011J70S,"CASCADE MOUNTAIN, UT US",40.28,-111.61,2369.5,5/23/2004,2004,5,23,45.5,57,34
USS0011J70S,"CASCADE MOUNTAIN, UT US",40.28,-111.61,2369.5,5/24/2004,2004,5,24,42,52,32
USS0011J70S,"CASCADE MOUNTAIN, UT US",40.28,-111.61,2369.5,5/25/2004,2004,5,25,43.5,49,38
USS0011J70S,"CASCADE MOUNTAIN, UT US",40.28,-111.61,2369.5,5/26/2004,2004,5,26,46.5,56,37
USS0011J70S,"CASCADE MOUNTAIN, UT US",40.28,-111.61,2369.5,5/27/2004,2004,5,27,53.5,63,44
USS0011J70S,"CASCADE MOUNTAIN, UT US",40.28,-111.61,2369.5,5/28/2004,2004,5,28,47.5,58,37
USS0011J70S,"CASCADE MOUNTAIN, UT US",40.28,-111.61,2369.5,5/29/2004,2004,5,29,39,43,35
USS0011J70S,"CASCADE MOUNTAIN, UT US",40.28,-111.61,2369.5,5/30/2004,2004,5,30,40.5,49,32
USS0011J70S,"CASCADE MOUNTAIN, UT US",40.28,-111.61,2369.5,5/31/2004,2004,5,31,50.5,59,42
USS0011J70S,"CASCADE MOUNTAIN, UT US",40.28,-111.61,2369.5,6/1/2004,2004,6,1,58,67,49
USS0011J70S,"CASCADE MOUNTAIN, UT US",40.28,-111.61,2369.5,6/2/2004,2004,6,2,61.5,70,53
USS0011J70S,"CASCADE MOUNTAIN, UT US",40.28,-111.61,2369.5,6/3/2004,2004,6,3,68,76,60
USS0011J70S,"CASCADE MOUNTAIN, UT US",40.28,-111.61,2369.5,6/4/2004,2004,6,4,66,75,57
USS0011J70S,"CASCADE MOUNTAIN, UT US",40.28,-111.61,2369.5,6/5/2004,2004,6,5,66,76,56
USS0011J70S,"CASCADE MOUNTAIN, UT US",40.28,-111.61,2369.5,6/6/2004,2004,6,6,66,75,57
USS0011J70S,"CASCADE MOUNTAIN, UT US",40.28,-111.61,2369.5,6/7/2004,2004,6,7,64,74,54
USS0011J70S,"CASCADE MOUNTAIN, UT US",40.28,-111.61,2369.5,6/8/2004,2004,6,8,65,72,58
USS0011J70S,"CASCADE MOUNTAIN, UT US",40.28,-111.61,2369.5,6/9/2004,2004,6,9,52,66,38
USS0011J70S,"CASCADE MOUNTAIN, UT US",40.28,-111.61,2369.5,6/10/2004,2004,6,10,40.5,47,34
USS0011J70S,"CASCADE MOUNTAIN, UT US",40.28,-111.61,2369.5,6/11/2004,2004,6,11,48,57,39
USS0011J70S,"CASCADE MOUNTAIN, UT US",40.28,-111.61,2369.5,6/12/2004,2004,6,12,54,62,46
USS0011J70S,"CASCADE MOUNTAIN, UT US",40.28,-111.61,2369.5,6/13/2004,2004,6,13,59,68,50
USS0011J70S,"CASCADE MOUNTAIN, UT US",40.28,-111.61,2369.5,6/14/2004,2004,6,14,61.5,69,54
USS0011J70S,"CASCADE MOUNTAIN, UT US",40.28,-111.61,2369.5,6/15/2004,2004,6,15,57.5,65,50
USS0011J70S,"CASCADE MOUNTAIN, UT US",40.28,-111.61,2369.5,6/16/2004,2004,6,16,57,66,48
USS0011J70S,"CASCADE MOUNTAIN, UT US",40.28,-111.61,2369.5,6/17/2004,2004,6,17,51,57,45
USS0011J70S,"CASCADE MOUNTAIN, UT US",40.28,-111.61,2369.5,6/18/2004,2004,6,18,55,65,45
USS0011J70S,"CASCADE MOUNTAIN, UT US",40.28,-111.61,2369.5,6/19/2004,2004,6,19,62,70,54
USS0011J70S,"CASCADE MOUNTAIN, UT US",40.28,-111.61,2369.5,6/20/2004,2004,6,20,58,68,48
USS0011J70S,"CASCADE MOUNTAIN, UT US",40.28,-111.61,2369.5,6/21/2004,2004,6,21,54,61,47
USS0011J70S,"CASCADE MOUNTAIN, UT US",40.28,-111.61,2369.5,6/22/2004,2004,6,22,57.5,67,48
USS0011J70S,"CASCADE MOUNTAIN, UT US",40.28,-111.61,2369.5,6/23/2004,2004,6,23,63.5,73,54
USS0011J70S,"CASCADE MOUNTAIN, UT US",40.28,-111.61,2369.5,6/24/2004,2004,6,24,62.5,71,54
USS0011J70S,"CASCADE MOUNTAIN, UT US",40.28,-111.61,2369.5,6/25/2004,2004,6,25,59.5,70,49
USS0011J70S,"CASCADE MOUNTAIN, UT US",40.28,-111.61,2369.5,6/26/2004,2004,6,26,57.5,68,47
USS0011J70S,"CASCADE MOUNTAIN, UT US",40.28,-111.61,2369.5,6/27/2004,2004,6,27,59,68,50
USS0011J70S,"CASCADE MOUNTAIN, UT US",40.28,-111.61,2369.5,6/28/2004,2004,6,28,62,71,53
USS0011J70S,"CASCADE MOUNTAIN, UT US",40.28,-111.61,2369.5,6/29/2004,2004,6,29,54,60,48
USS0011J70S,"CASCADE MOUNTAIN, UT US",40.28,-111.61,2369.5,6/30/2004,2004,6,30,60,70,50
USS0010J30S,"BROWN DUCK, UT US",40.58,-110.59,3230.9,1/1/2004,2004,1,1,14.5,19,10
USS0010J30S,"BROWN DUCK, UT US",40.58,-110.59,3230.9,1/2/2004,2004,1,2,9,18,0
USS0010J30S,"BROWN DUCK, UT US",40.58,-110.59,3230.9,1/3/2004,2004,1,3,3.5,17,-10
USS0010J30S,"BROWN DUCK, UT US",40.58,-110.59,3230.9,1/4/2004,2004,1,4,-4,8,-16
USS0010J30S,"BROWN DUCK, UT US",40.58,-110.59,3230.9,1/5/2004,2004,1,5,0.5,8,-7
USS0010J30S,"BROWN DUCK, UT US",40.58,-110.59,3230.9,1/6/2004,2004,1,6,18.5,30,7
USS0010J30S,"BROWN DUCK, UT US",40.58,-110.59,3230.9,1/7/2004,2004,1,7,21,26,16
USS0010J30S,"BROWN DUCK, UT US",40.58,-110.59,3230.9,1/8/2004,2004,1,8,25,34,16
USS0010J30S,"BROWN DUCK, UT US",40.58,-110.59,3230.9,1/9/2004,2004,1,9,30,44,16
USS0010J30S,"BROWN DUCK, UT US",40.58,-110.59,3230.9,1/10/2004,2004,1,10,31,43,19
USS0010J30S,"BROWN DUCK, UT US",40.58,-110.59,3230.9,1/11/2004,2004,1,11,30.5,42,19
USS0010J30S,"BROWN DUCK, UT US",40.58,-110.59,3230.9,1/12/2004,2004,1,12,30.5,43,18
USS0010J30S,"BROWN DUCK, UT US",40.58,-110.59,3230.9,1/13/2004,2004,1,13,31,41,21
USS0010J30S,"BROWN DUCK, UT US",40.58,-110.59,3230.9,1/14/2004,2004,1,14,31.5,43,20
USS0010J30S,"BROWN DUCK, UT US",40.58,-110.59,3230.9,1/15/2004,2004,1,15,26,36,16
USS0010J30S,"BROWN DUCK, UT US",40.58,-110.59,3230.9,1/16/2004,2004,1,16,20.5,32,9
USS0010J30S,"BROWN DUCK, UT US",40.58,-110.59,3230.9,1/17/2004,2004,1,17,25,39,11
USS0010J30S,"BROWN DUCK, UT US",40.58,-110.59,3230.9,1/18/2004,2004,1,18,25,36,14
USS0010J30S,"BROWN DUCK, UT US",40.58,-110.59,3230.9,1/19/2004,2004,1,19,18,28,8
USS0010J30S,"BROWN DUCK, UT US",40.58,-110.59,3230.9,1/20/2004,2004,1,20,14,25,3
USS0010J30S,"BROWN DUCK, UT US",40.58,-110.59,3230.9,1/21/2004,2004,1,21,15,27,3
USS0010J30S,"BROWN DUCK, UT US",40.58,-110.59,3230.9,1/22/2004,2004,1,22,24,38,10
USS0010J30S,"BROWN DUCK, UT US",40.58,-110.59,3230.9,1/23/2004,2004,1,23,29.5,40,19
USS0010J30S,"BROWN DUCK, UT US",40.58,-110.59,3230.9,1/24/2004,2004,1,24,23.5,32,15
USS0010J30S,"BROWN DUCK, UT US",40.58,-110.59,3230.9,1/25/2004,2004,1,25,5.5,16,-5
USS0010J30S,"BROWN DUCK, UT US",40.58,-110.59,3230.9,1/26/2004,2004,1,26,4.5,14,-5
USS0010J30S,"BROWN DUCK, UT US",40.58,-110.59,3230.9,1/27/2004,2004,1,27,12.5,23,2
USS0010J30S,"BROWN DUCK, UT US",40.58,-110.59,3230.9,1/28/2004,2004,1,28,22,31,13
USS0010J30S,"BROWN DUCK, UT US",40.58,-110.59,3230.9,1/29/2004,2004,1,29,25,32,18
USS0010J30S,"BROWN DUCK, UT US",40.58,-110.59,3230.9,1/30/2004,2004,1,30,21.5,31,12
USS0010J30S,"BROWN DUCK, UT US",40.58,-110.59,3230.9,1/31/2004,2004,1,31,5,20,-10
USS0010J30S,"BROWN DUCK, UT US",40.58,-110.59,3230.9,2/1/2004,2004,2,1,5,20,-10
USS0010J30S,"BROWN DUCK, UT US",40.58,-110.59,3230.9,2/2/2004,2004,2,2,12,24,0
USS0010J30S,"BROWN DUCK, UT US",40.58,-110.59,3230.9,2/3/2004,2004,2,3,16,21,11
USS0010J30S,"BROWN DUCK, UT US",40.58,-110.59,3230.9,2/4/2004,2004,2,4,16,27,5
USS0010J30S,"BROWN DUCK, UT US",40.58,-110.59,3230.9,2/5/2004,2004,2,5,10.5,24,-3
USS0010J30S,"BROWN DUCK, UT US",40.58,-110.59,3230.9,2/6/2004,2004,2,6,12.5,28,-3
USS0010J30S,"BROWN DUCK, UT US",40.58,-110.59,3230.9,2/7/2004,2004,2,7,12,20,4
USS0010J30S,"BROWN DUCK, UT US",40.58,-110.59,3230.9,2/8/2004,2004,2,8,10.5,22,-1
USS0010J30S,"BROWN DUCK, UT US",40.58,-110.59,3230.9,2/9/2004,2004,2,9,7,19,-5
USS0010J30S,"BROWN DUCK, UT US",40.58,-110.59,3230.9,2/10/2004,2004,2,10,16,34,-2
USS0010J30S,"BROWN DUCK, UT US",40.58,-110.59,3230.9,2/11/2004,2004,2,11,3,19,-13
USS0010J30S,"BROWN DUCK, UT US",40.58,-110.59,3230.9,2/12/2004,2004,2,12,3,22,-16
USS0010J30S,"BROWN DUCK, UT US",40.58,-110.59,3230.9,2/13/2004,2004,2,13,26,41,11
USS0010J30S,"BROWN DUCK, UT US",40.58,-110.59,3230.9,2/14/2004,2004,2,14,23.5,37,10
USS0010J30S,"BROWN DUCK, UT US",40.58,-110.59,3230.9,2/15/2004,2004,2,15,17.5,29,6
USS0010J30S,"BROWN DUCK, UT US",40.58,-110.59,3230.9,2/16/2004,2004,2,16,24,35,13
USS0010J30S,"BROWN DUCK, UT US",40.58,-110.59,3230.9,2/17/2004,2004,2,17,32.5,42,23
USS0010J30S,"BROWN DUCK, UT US",40.58,-110.59,3230.9,2/18/2004,2004,2,18,32,40,24
USS0010J30S,"BROWN DUCK, UT US",40.58,-110.59,3230.9,2/19/2004,2004,2,19,21,35,7
USS0010J30S,"BROWN DUCK, UT US",40.58,-110.59,3230.9,2/20/2004,2004,2,20,20.5,36,5
USS0010J30S,"BROWN DUCK, UT US",40.58,-110.59,3230.9,2/21/2004,2004,2,21,21,30,12
USS0010J30S,"BROWN DUCK, UT US",40.58,-110.59,3230.9,2/22/2004,2004,2,22,22.5,29,16
USS0010J30S,"BROWN DUCK, UT US",40.58,-110.59,3230.9,2/23/2004,2004,2,23,26,35,17
USS0010J30S,"BROWN DUCK, UT US",40.58,-110.59,3230.9,2/24/2004,2004,2,24,22.5,32,13
USS0010J30S,"BROWN DUCK, UT US",40.58,-110.59,3230.9,2/25/2004,2004,2,25,22,35,9
USS0010J30S,"BROWN DUCK, UT US",40.58,-110.59,3230.9,2/26/2004,2004,2,26,16,23,9
USS0010J30S,"BROWN DUCK, UT US",40.58,-110.59,3230.9,2/27/2004,2004,2,27,19,29,9
USS0010J30S,"BROWN DUCK, UT US",40.58,-110.59,3230.9,2/28/2004,2004,2,28,17,31,3
USS0010J30S,"BROWN DUCK, UT US",40.58,-110.59,3230.9,2/29/2004,2004,2,29,15,26,4
USS0010J30S,"BROWN DUCK, UT US",40.58,-110.59,3230.9,3/1/2004,2004,3,1,13.5,29,-2
USS0010J30S,"BROWN DUCK, UT US",40.58,-110.59,3230.9,3/2/2004,2004,3,2,14.5,27,2
USS0010J30S,"BROWN DUCK, UT US",40.58,-110.59,3230.9,3/3/2004,2004,3,3,17.5,31,4
USS0010J30S,"BROWN DUCK, UT US",40.58,-110.59,3230.9,3/4/2004,2004,3,4,16,27,5
USS0010J30S,"BROWN DUCK, UT US",40.58,-110.59,3230.9,3/5/2004,2004,3,5,14.5,29,0
USS0010J30S,"BROWN DUCK, UT US",40.58,-110.59,3230.9,3/6/2004,2004,3,6,22,30,14
USS0010J30S,"BROWN DUCK, UT US",40.58,-110.59,3230.9,3/7/2004,2004,3,7,30.5,49,12
USS0010J30S,"BROWN DUCK, UT US",40.58,-110.59,3230.9,3/8/2004,2004,3,8,38.5,54,23
USS0010J30S,"BROWN DUCK, UT US",40.58,-110.59,3230.9,3/9/2004,2004,3,9,39,51,27
USS0010J30S,"BROWN DUCK, UT US",40.58,-110.59,3230.9,3/10/2004,2004,3,10,34,48,20
USS0010J30S,"BROWN DUCK, UT US",40.58,-110.59,3230.9,3/11/2004,2004,3,11,34,50,18
USS0010J30S,"BROWN DUCK, UT US",40.58,-110.59,3230.9,3/12/2004,2004,3,12,34.5,49,20
USS0010J30S,"BROWN DUCK, UT US",40.58,-110.59,3230.9,3/13/2004,2004,3,13,35.5,48,23
USS0010J30S,"BROWN DUCK, UT US",40.58,-110.59,3230.9,3/14/2004,2004,3,14,31.5,44,19
USS0010J30S,"BROWN DUCK, UT US",40.58,-110.59,3230.9,3/15/2004,2004,3,15,30.5,42,19
USS0010J30S,"BROWN DUCK, UT US",40.58,-110.59,3230.9,3/16/2004,2004,3,16,33.5,46,21
USS0010J30S,"BROWN DUCK, UT US",40.58,-110.59,3230.9,3/17/2004,2004,3,17,35,47,23
USS0010J30S,"BROWN DUCK, UT US",40.58,-110.59,3230.9,3/18/2004,2004,3,18,34.5,49,20
USS0010J30S,"BROWN DUCK, UT US",40.58,-110.59,3230.9,3/19/2004,2004,3,19,43,52,34
USS0010J30S,"BROWN DUCK, UT US",40.58,-110.59,3230.9,3/20/2004,2004,3,20,46.5,59,34
USS0010J30S,"BROWN DUCK, UT US",40.58,-110.59,3230.9,3/21/2004,2004,3,21,48,62,34
USS0010J30S,"BROWN DUCK, UT US",40.58,-110.59,3230.9,3/22/2004,2004,3,22,47,60,34
USS0010J30S,"BROWN DUCK, UT US",40.58,-110.59,3230.9,3/23/2004,2004,3,23,43.5,55,32
USS0010J30S,"BROWN DUCK, UT US",40.58,-110.59,3230.9,3/24/2004,2004,3,24,40,54,26
USS0010J30S,"BROWN DUCK, UT US",40.58,-110.59,3230.9,3/25/2004,2004,3,25,38.5,50,27
USS0010J30S,"BROWN DUCK, UT US",40.58,-110.59,3230.9,3/26/2004,2004,3,26,24.5,35,14
USS0010J30S,"BROWN DUCK, UT US",40.58,-110.59,3230.9,3/27/2004,2004,3,27,21,32,10
USS0010J30S,"BROWN DUCK, UT US",40.58,-110.59,3230.9,3/28/2004,2004,3,28,26,39,13
USS0010J30S,"BROWN DUCK, UT US",40.58,-110.59,3230.9,3/29/2004,2004,3,29,35,53,17
USS0010J30S,"BROWN DUCK, UT US",40.58,-110.59,3230.9,3/30/2004,2004,3,30,37,52,22
USS0010J30S,"BROWN DUCK, UT US",40.58,-110.59,3230.9,3/31/2004,2004,3,31,41.5,54,29
USS0010J30S,"BROWN DUCK, UT US",40.58,-110.59,3230.9,4/1/2004,2004,4,1,37,44,30
USS0010J30S,"BROWN DUCK, UT US",40.58,-110.59,3230.9,4/2/2004,2004,4,2,40,49,31
USS0010J30S,"BROWN DUCK, UT US",40.58,-110.59,3230.9,4/3/2004,2004,4,3,36,44,28
USS0010J30S,"BROWN DUCK, UT US",40.58,-110.59,3230.9,4/4/2004,2004,4,4,38,50,26
USS0010J30S,"BROWN DUCK, UT US",40.58,-110.59,3230.9,4/5/2004,2004,4,5,41,54,28
USS0010J30S,"BROWN DUCK, UT US",40.58,-110.59,3230.9,4/6/2004,2004,4,6,36.5,46,27
USS0010J30S,"BROWN DUCK, UT US",40.58,-110.59,3230.9,4/7/2004,2004,4,7,35,43,27
USS0010J30S,"BROWN DUCK, UT US",40.58,-110.59,3230.9,4/8/2004,2004,4,8,39,51,27
USS0010J30S,"BROWN DUCK, UT US",40.58,-110.59,3230.9,4/9/2004,2004,4,9,27,41,13
USS0010J30S,"BROWN DUCK, UT US",40.58,-110.59,3230.9,4/10/2004,2004,4,10,22,33,11
USS0010J30S,"BROWN DUCK, UT US",40.58,-110.59,3230.9,4/11/2004,2004,4,11,26.5,44,9
USS0010J30S,"BROWN DUCK, UT US",40.58,-110.59,3230.9,4/12/2004,2004,4,12,36,52,20
USS0010J30S,"BROWN DUCK, UT US",40.58,-110.59,3230.9,4/13/2004,2004,4,13,38.5,53,24
USS0010J30S,"BROWN DUCK, UT US",40.58,-110.59,3230.9,4/14/2004,2004,4,14,36.5,48,25
USS0010J30S,"BROWN DUCK, UT US",40.58,-110.59,3230.9,4/15/2004,2004,4,15,31.5,40,23
USS0010J30S,"BROWN DUCK, UT US",40.58,-110.59,3230.9,4/16/2004,2004,4,16,37,46,28
USS0010J30S,"BROWN DUCK, UT US",40.58,-110.59,3230.9,4/17/2004,2004,4,17,36.5,47,26
USS0010J30S,"BROWN DUCK, UT US",40.58,-110.59,3230.9,4/18/2004,2004,4,18,30,40,20
USS0010J30S,"BROWN DUCK, UT US",40.58,-110.59,3230.9,4/19/2004,2004,4,19,29,38,20
USS0010J30S,"BROWN DUCK, UT US",40.58,-110.59,3230.9,4/20/2004,2004,4,20,29,38,20
USS0010J30S,"BROWN DUCK, UT US",40.58,-110.59,3230.9,4/21/2004,2004,4,21,31,42,20
USS0010J30S,"BROWN DUCK, UT US",40.58,-110.59,3230.9,4/22/2004,2004,4,22,27.5,36,19
USS0010J30S,"BROWN DUCK, UT US",40.58,-110.59,3230.9,4/23/2004,2004,4,23,32.5,47,18
USS0010J30S,"BROWN DUCK, UT US",40.58,-110.59,3230.9,4/24/2004,2004,4,24,33.5,48,19
USS0010J30S,"BROWN DUCK, UT US",40.58,-110.59,3230.9,4/25/2004,2004,4,25,35,51,19
USS0010J30S,"BROWN DUCK, UT US",40.58,-110.59,3230.9,4/26/2004,2004,4,26,40,56,24
USS0010J30S,"BROWN DUCK, UT US",40.58,-110.59,3230.9,4/27/2004,2004,4,27,43.5,57,30
USS0010J30S,"BROWN DUCK, UT US",40.58,-110.59,3230.9,4/28/2004,2004,4,28,36.5,50,23
USS0010J30S,"BROWN DUCK, UT US",40.58,-110.59,3230.9,4/29/2004,2004,4,29,28.5,36,21
USS0010J30S,"BROWN DUCK, UT US",40.58,-110.59,3230.9,4/30/2004,2004,4,30,33.5,46,21
USS0010J30S,"BROWN DUCK, UT US",40.58,-110.59,3230.9,5/1/2004,2004,5,1,37.5,53,22
USS0010J30S,"BROWN DUCK, UT US",40.58,-110.59,3230.9,5/2/2004,2004,5,2,42,57,27
USS0010J30S,"BROWN DUCK, UT US",40.58,-110.59,3230.9,5/3/2004,2004,5,3,45,59,31
USS0010J30S,"BROWN DUCK, UT US",40.58,-110.59,3230.9,5/4/2004,2004,5,4,50.5,62,39
USS0010J30S,"BROWN DUCK, UT US",40.58,-110.59,3230.9,5/5/2004,2004,5,5,50.5,61,40
USS0010J30S,"BROWN DUCK, UT US",40.58,-110.59,3230.9,5/6/2004,2004,5,6,49.5,59,40
USS0010J30S,"BROWN DUCK, UT US",40.58,-110.59,3230.9,5/7/2004,2004,5,7,47.5,60,35
USS0010J30S,"BROWN DUCK, UT US",40.58,-110.59,3230.9,5/8/2004,2004,5,8,47.5,59,36
USS0010J30S,"BROWN DUCK, UT US",40.58,-110.59,3230.9,5/9/2004,2004,5,9,46.5,58,35
USS0010J30S,"BROWN DUCK, UT US",40.58,-110.59,3230.9,5/10/2004,2004,5,10,44,57,31
USS0010J30S,"BROWN DUCK, UT US",40.58,-110.59,3230.9,5/11/2004,2004,5,11,32,44,20
USS0010J30S,"BROWN DUCK, UT US",40.58,-110.59,3230.9,5/12/2004,2004,5,12,30.5,41,20
USS0010J30S,"BROWN DUCK, UT US",40.58,-110.59,3230.9,5/13/2004,2004,5,13,28.5,39,18
USS0010J30S,"BROWN DUCK, UT US",40.58,-110.59,3230.9,5/14/2004,2004,5,14,35,49,21
USS0010J30S,"BROWN DUCK, UT US",40.58,-110.59,3230.9,5/15/2004,2004,5,15,42,54,30
USS0010J30S,"BROWN DUCK, UT US",40.58,-110.59,3230.9,5/16/2004,2004,5,16,42,52,32
USS0010J30S,"BROWN DUCK, UT US",40.58,-110.59,3230.9,5/17/2004,2004,5,17,44,54,34
USS0010J30S,"BROWN DUCK, UT US",40.58,-110.59,3230.9,5/18/2004,2004,5,18,44,53,35
USS0010J30S,"BROWN DUCK, UT US",40.58,-110.59,3230.9,5/19/2004,2004,5,19,41.5,50,33
USS0010J30S,"BROWN DUCK, UT US",40.58,-110.59,3230.9,5/20/2004,2004,5,20,43.5,53,34
USS0010J30S,"BROWN DUCK, UT US",40.58,-110.59,3230.9,5/21/2004,2004,5,21,42,53,31
USS0010J30S,"BROWN DUCK, UT US",40.58,-110.59,3230.9,5/22/2004,2004,5,22,37.5,45,30
USS0010J30S,"BROWN DUCK, UT US",40.58,-110.59,3230.9,5/23/2004,2004,5,23,38,50,26
USS0010J30S,"BROWN DUCK, UT US",40.58,-110.59,3230.9,5/24/2004,2004,5,24,34.5,46,23
USS0010J30S,"BROWN DUCK, UT US",40.58,-110.59,3230.9,5/25/2004,2004,5,25,36.5,45,28
USS0010J30S,"BROWN DUCK, UT US",40.58,-110.59,3230.9,5/26/2004,2004,5,26,39,51,27
USS0010J30S,"BROWN DUCK, UT US",40.58,-110.59,3230.9,5/27/2004,2004,5,27,44,54,34
USS0010J30S,"BROWN DUCK, UT US",40.58,-110.59,3230.9,5/28/2004,2004,5,28,41.5,52,31
USS0010J30S,"BROWN DUCK, UT US",40.58,-110.59,3230.9,5/29/2004,2004,5,29,31,40,22
USS0010J30S,"BROWN DUCK, UT US",40.58,-110.59,3230.9,5/30/2004,2004,5,30,31,42,20
USS0010J30S,"BROWN DUCK, UT US",40.58,-110.59,3230.9,5/31/2004,2004,5,31,40,49,31
USS0010J30S,"BROWN DUCK, UT US",40.58,-110.59,3230.9,6/1/2004,2004,6,1,45,60,30
USS0010J30S,"BROWN DUCK, UT US",40.58,-110.59,3230.9,6/2/2004,2004,6,2,50.5,61,40
USS0010J30S,"BROWN DUCK, UT US",40.58,-110.59,3230.9,6/3/2004,2004,6,3,54,66,42
USS0010J30S,"BROWN DUCK, UT US",40.58,-110.59,3230.9,6/4/2004,2004,6,4,54,67,41
USS0010J30S,"BROWN DUCK, UT US",40.58,-110.59,3230.9,6/5/2004,2004,6,5,53.5,67,40
USS0010J30S,"BROWN DUCK, UT US",40.58,-110.59,3230.9,6/6/2004,2004,6,6,57.5,66,49
USS0010J30S,"BROWN DUCK, UT US",40.58,-110.59,3230.9,6/7/2004,2004,6,7,56.5,66,47
USS0010J30S,"BROWN DUCK, UT US",40.58,-110.59,3230.9,6/8/2004,2004,6,8,54.5,65,44
USS0010J30S,"BROWN DUCK, UT US",40.58,-110.59,3230.9,6/9/2004,2004,6,9,47,59,35
USS0010J30S,"BROWN DUCK, UT US",40.58,-110.59,3230.9,6/10/2004,2004,6,10,35.5,43,28
USS0010J30S,"BROWN DUCK, UT US",40.58,-110.59,3230.9,6/11/2004,2004,6,11,38,46,30
USS0010J30S,"BROWN DUCK, UT US",40.58,-110.59,3230.9,6/12/2004,2004,6,12,42.5,52,33
USS0010J30S,"BROWN DUCK, UT US",40.58,-110.59,3230.9,6/13/2004,2004,6,13,50.5,61,40
USS0010J30S,"BROWN DUCK, UT US",40.58,-110.59,3230.9,6/14/2004,2004,6,14,50.5,65,36
USS0010J30S,"BROWN DUCK, UT US",40.58,-110.59,3230.9,6/15/2004,2004,6,15,51,65,37
USS0010J30S,"BROWN DUCK, UT US",40.58,-110.59,3230.9,6/16/2004,2004,6,16,46.5,56,37
USS0010J30S,"BROWN DUCK, UT US",40.58,-110.59,3230.9,6/17/2004,2004,6,17,40.5,47,34
USS0010J30S,"BROWN DUCK, UT US",40.58,-110.59,3230.9,6/18/2004,2004,6,18,45,55,35
USS0010J30S,"BROWN DUCK, UT US",40.58,-110.59,3230.9,6/19/2004,2004,6,19,49.5,60,39
USS0010J30S,"BROWN DUCK, UT US",40.58,-110.59,3230.9,6/20/2004,2004,6,20,50.5,62,39
USS0010J30S,"BROWN DUCK, UT US",40.58,-110.59,3230.9,6/21/2004,2004,6,21,44,54,34
USS0010J30S,"BROWN DUCK, UT US",40.58,-110.59,3230.9,6/22/2004,2004,6,22,43.5,56,31
USS0010J30S,"BROWN DUCK, UT US",40.58,-110.59,3230.9,6/23/2004,2004,6,23,51,66,36
USS0010J30S,"BROWN DUCK, UT US",40.58,-110.59,3230.9,6/24/2004,2004,6,24,50.5,63,38
USS0010J30S,"BROWN DUCK, UT US",40.58,-110.59,3230.9,6/25/2004,2004,6,25,49.5,61,38
USS0010J30S,"BROWN DUCK, UT US",40.58,-110.59,3230.9,6/26/2004,2004,6,26,49,60,38
USS0010J30S,"BROWN DUCK, UT US",40.58,-110.59,3230.9,6/27/2004,2004,6,27,48,58,38
USS0010J30S,"BROWN DUCK, UT US",40.58,-110.59,3230.9,6/28/2004,2004,6,28,49.5,63,36
USS0010J30S,"BROWN DUCK, UT US",40.58,-110.59,3230.9,6/29/2004,2004,6,29,43.5,49,38
USS0010J30S,"BROWN DUCK, UT US",40.58,-110.59,3230.9,6/30/2004,2004,6,30,48.5,59,38
USW00024127,"SALT LAKE CITY INTERNATIONAL AIRPORT, UT US",40.7781,-111.9694,1287.8,1/1/2004,2004,1,1,38.5,42,35
USW00024127,"SALT LAKE CITY INTERNATIONAL AIRPORT, UT US",40.7781,-111.9694,1287.8,1/2/2004,2004,1,2,30,40,20
USW00024127,"SALT LAKE CITY INTERNATIONAL AIRPORT, UT US",40.7781,-111.9694,1287.8,1/3/2004,2004,1,3,23,27,19
USW00024127,"SALT LAKE CITY INTERNATIONAL AIRPORT, UT US",40.7781,-111.9694,1287.8,1/4/2004,2004,1,4,18.5,26,11
USW00024127,"SALT LAKE CITY INTERNATIONAL AIRPORT, UT US",40.7781,-111.9694,1287.8,1/5/2004,2004,1,5,20,27,13
USW00024127,"SALT LAKE CITY INTERNATIONAL AIRPORT, UT US",40.7781,-111.9694,1287.8,1/6/2004,2004,1,6,18.5,24,13
USW00024127,"SALT LAKE CITY INTERNATIONAL AIRPORT, UT US",40.7781,-111.9694,1287.8,1/7/2004,2004,1,7,24.5,27,22
USW00024127,"SALT LAKE CITY INTERNATIONAL AIRPORT, UT US",40.7781,-111.9694,1287.8,1/8/2004,2004,1,8,22,30,14
USW00024127,"SALT LAKE CITY INTERNATIONAL AIRPORT, UT US",40.7781,-111.9694,1287.8,1/9/2004,2004,1,9,20,26,14
USW00024127,"SALT LAKE CITY INTERNATIONAL AIRPORT, UT US",40.7781,-111.9694,1287.8,1/10/2004,2004,1,10,21.5,24,19
USW00024127,"SALT LAKE CITY INTERNATIONAL AIRPORT, UT US",40.7781,-111.9694,1287.8,1/11/2004,2004,1,11,18.5,23,14
USW00024127,"SALT LAKE CITY INTERNATIONAL AIRPORT, UT US",40.7781,-111.9694,1287.8,1/12/2004,2004,1,12,16.5,23,10
USW00024127,"SALT LAKE CITY INTERNATIONAL AIRPORT, UT US",40.7781,-111.9694,1287.8,1/13/2004,2004,1,13,17,24,10
USW00024127,"SALT LAKE CITY INTERNATIONAL AIRPORT, UT US",40.7781,-111.9694,1287.8,1/14/2004,2004,1,14,15.5,23,8
USW00024127,"SALT LAKE CITY INTERNATIONAL AIRPORT, UT US",40.7781,-111.9694,1287.8,1/15/2004,2004,1,15,16,21,11
USW00024127,"SALT LAKE CITY INTERNATIONAL AIRPORT, UT US",40.7781,-111.9694,1287.8,1/16/2004,2004,1,16,16,23,9
USW00024127,"SALT LAKE CITY INTERNATIONAL AIRPORT, UT US",40.7781,-111.9694,1287.8,1/17/2004,2004,1,17,20,24,16
USW00024127,"SALT LAKE CITY INTERNATIONAL AIRPORT, UT US",40.7781,-111.9694,1287.8,1/18/2004,2004,1,18,22.5,25,20
USW00024127,"SALT LAKE CITY INTERNATIONAL AIRPORT, UT US",40.7781,-111.9694,1287.8,1/19/2004,2004,1,19,21,26,16
USW00024127,"SALT LAKE CITY INTERNATIONAL AIRPORT, UT US",40.7781,-111.9694,1287.8,1/20/2004,2004,1,20,18.5,26,11
USW00024127,"SALT LAKE CITY INTERNATIONAL AIRPORT, UT US",40.7781,-111.9694,1287.8,1/21/2004,2004,1,21,16.5,27,6
USW00024127,"SALT LAKE CITY INTERNATIONAL AIRPORT, UT US",40.7781,-111.9694,1287.8,1/22/2004,2004,1,22,19,24,14
USW00024127,"SALT LAKE CITY INTERNATIONAL AIRPORT, UT US",40.7781,-111.9694,1287.8,1/23/2004,2004,1,23,16.5,24,9
USW00024127,"SALT LAKE CITY INTERNATIONAL AIRPORT, UT US",40.7781,-111.9694,1287.8,1/24/2004,2004,1,24,15.5,25,6
USW00024127,"SALT LAKE CITY INTERNATIONAL AIRPORT, UT US",40.7781,-111.9694,1287.8,1/25/2004,2004,1,25,23.5,28,19
USW00024127,"SALT LAKE CITY INTERNATIONAL AIRPORT, UT US",40.7781,-111.9694,1287.8,1/26/2004,2004,1,26,25,30,20
USW00024127,"SALT LAKE CITY INTERNATIONAL AIRPORT, UT US",40.7781,-111.9694,1287.8,1/27/2004,2004,1,27,27.5,37,18
USW00024127,"SALT LAKE CITY INTERNATIONAL AIRPORT, UT US",40.7781,-111.9694,1287.8,1/28/2004,2004,1,28,32.5,38,27
USW00024127,"SALT LAKE CITY INTERNATIONAL AIRPORT, UT US",40.7781,-111.9694,1287.8,1/29/2004,2004,1,29,36.5,42,31
USW00024127,"SALT LAKE CITY INTERNATIONAL AIRPORT, UT US",40.7781,-111.9694,1287.8,1/30/2004,2004,1,30,38.5,46,31
USW00024127,"SALT LAKE CITY INTERNATIONAL AIRPORT, UT US",40.7781,-111.9694,1287.8,1/31/2004,2004,1,31,25.5,32,19
USW00024127,"SALT LAKE CITY INTERNATIONAL AIRPORT, UT US",40.7781,-111.9694,1287.8,2/1/2004,2004,2,1,25,32,18
USW00024127,"SALT LAKE CITY INTERNATIONAL AIRPORT, UT US",40.7781,-111.9694,1287.8,2/2/2004,2004,2,2,28,35,21
USW00024127,"SALT LAKE CITY INTERNATIONAL AIRPORT, UT US",40.7781,-111.9694,1287.8,2/3/2004,2004,2,3,33,36,30
USW00024127,"SALT LAKE CITY INTERNATIONAL AIRPORT, UT US",40.7781,-111.9694,1287.8,2/4/2004,2004,2,4,30.5,32,29
USW00024127,"SALT LAKE CITY INTERNATIONAL AIRPORT, UT US",40.7781,-111.9694,1287.8,2/5/2004,2004,2,5,25.5,33,18
USW00024127,"SALT LAKE CITY INTERNATIONAL AIRPORT, UT US",40.7781,-111.9694,1287.8,2/6/2004,2004,2,6,23.5,33,14
USW00024127,"SALT LAKE CITY INTERNATIONAL AIRPORT, UT US",40.7781,-111.9694,1287.8,2/7/2004,2004,2,7,29,34,24
USW00024127,"SALT LAKE CITY INTERNATIONAL AIRPORT, UT US",40.7781,-111.9694,1287.8,2/8/2004,2004,2,8,27.5,31,24
USW00024127,"SALT LAKE CITY INTERNATIONAL AIRPORT, UT US",40.7781,-111.9694,1287.8,2/9/2004,2004,2,9,21,30,12
USW00024127,"SALT LAKE CITY INTERNATIONAL AIRPORT, UT US",40.7781,-111.9694,1287.8,2/10/2004,2004,2,10,13.5,25,2
USW00024127,"SALT LAKE CITY INTERNATIONAL AIRPORT, UT US",40.7781,-111.9694,1287.8,2/11/2004,2004,2,11,15,24,6
USW00024127,"SALT LAKE CITY INTERNATIONAL AIRPORT, UT US",40.7781,-111.9694,1287.8,2/12/2004,2004,2,12,10,24,-4
USW00024127,"SALT LAKE CITY INTERNATIONAL AIRPORT, UT US",40.7781,-111.9694,1287.8,2/13/2004,2004,2,13,9.5,24,-5
USW00024127,"SALT LAKE CITY INTERNATIONAL AIRPORT, UT US",40.7781,-111.9694,1287.8,2/14/2004,2004,2,14,16,28,4
USW00024127,"SALT LAKE CITY INTERNATIONAL AIRPORT, UT US",40.7781,-111.9694,1287.8,2/15/2004,2004,2,15,17.5,30,5
USW00024127,"SALT LAKE CITY INTERNATIONAL AIRPORT, UT US",40.7781,-111.9694,1287.8,2/16/2004,2004,2,16,24.5,33,16
USW00024127,"SALT LAKE CITY INTERNATIONAL AIRPORT, UT US",40.7781,-111.9694,1287.8,2/17/2004,2004,2,17,34,39,29
USW00024127,"SALT LAKE CITY INTERNATIONAL AIRPORT, UT US",40.7781,-111.9694,1287.8,2/18/2004,2004,2,18,39.5,49,30
USW00024127,"SALT LAKE CITY INTERNATIONAL AIRPORT, UT US",40.7781,-111.9694,1287.8,2/19/2004,2004,2,19,32.5,37,28
USW00024127,"SALT LAKE CITY INTERNATIONAL AIRPORT, UT US",40.7781,-111.9694,1287.8,2/20/2004,2004,2,20,25.5,35,16
USW00024127,"SALT LAKE CITY INTERNATIONAL AIRPORT, UT US",40.7781,-111.9694,1287.8,2/21/2004,2004,2,21,25.5,32,19
USW00024127,"SALT LAKE CITY INTERNATIONAL AIRPORT, UT US",40.7781,-111.9694,1287.8,2/22/2004,2004,2,22,33,36,30
USW00024127,"SALT LAKE CITY INTERNATIONAL AIRPORT, UT US",40.7781,-111.9694,1287.8,2/23/2004,2004,2,23,31.5,36,27
USW00024127,"SALT LAKE CITY INTERNATIONAL AIRPORT, UT US",40.7781,-111.9694,1287.8,2/24/2004,2004,2,24,30.5,41,20
USW00024127,"SALT LAKE CITY INTERNATIONAL AIRPORT, UT US",40.7781,-111.9694,1287.8,2/25/2004,2004,2,25,41,50,32
USW00024127,"SALT LAKE CITY INTERNATIONAL AIRPORT, UT US",40.7781,-111.9694,1287.8,2/26/2004,2004,2,26,40,47,33
USW00024127,"SALT LAKE CITY INTERNATIONAL AIRPORT, UT US",40.7781,-111.9694,1287.8,2/27/2004,2004,2,27,35,40,30
USW00024127,"SALT LAKE CITY INTERNATIONAL AIRPORT, UT US",40.7781,-111.9694,1287.8,2/28/2004,2004,2,28,32.5,33,32
USW00024127,"SALT LAKE CITY INTERNATIONAL AIRPORT, UT US",40.7781,-111.9694,1287.8,2/29/2004,2004,2,29,30,34,26
USW00024127,"SALT LAKE CITY INTERNATIONAL AIRPORT, UT US",40.7781,-111.9694,1287.8,3/1/2004,2004,3,1,30,39,21
USW00024127,"SALT LAKE CITY INTERNATIONAL AIRPORT, UT US",40.7781,-111.9694,1287.8,3/2/2004,2004,3,2,30.5,37,24
USW00024127,"SALT LAKE CITY INTERNATIONAL AIRPORT, UT US",40.7781,-111.9694,1287.8,3/3/2004,2004,3,3,34.5,41,28
USW00024127,"SALT LAKE CITY INTERNATIONAL AIRPORT, UT US",40.7781,-111.9694,1287.8,3/4/2004,2004,3,4,35,40,30
USW00024127,"SALT LAKE CITY INTERNATIONAL AIRPORT, UT US",40.7781,-111.9694,1287.8,3/5/2004,2004,3,5,35,41,29
USW00024127,"SALT LAKE CITY INTERNATIONAL AIRPORT, UT US",40.7781,-111.9694,1287.8,3/6/2004,2004,3,6,38.5,45,32
USW00024127,"SALT LAKE CITY INTERNATIONAL AIRPORT, UT US",40.7781,-111.9694,1287.8,3/7/2004,2004,3,7,40,50,30
USW00024127,"SALT LAKE CITY INTERNATIONAL AIRPORT, UT US",40.7781,-111.9694,1287.8,3/8/2004,2004,3,8,40,50,30
USW00024127,"SALT LAKE CITY INTERNATIONAL AIRPORT, UT US",40.7781,-111.9694,1287.8,3/9/2004,2004,3,9,44.5,56,33
USW00024127,"SALT LAKE CITY INTERNATIONAL AIRPORT, UT US",40.7781,-111.9694,1287.8,3/10/2004,2004,3,10,45,53,37
USW00024127,"SALT LAKE CITY INTERNATIONAL AIRPORT, UT US",40.7781,-111.9694,1287.8,3/11/2004,2004,3,11,42.5,53,32
USW00024127,"SALT LAKE CITY INTERNATIONAL AIRPORT, UT US",40.7781,-111.9694,1287.8,3/12/2004,2004,3,12,43.5,55,32
USW00024127,"SALT LAKE CITY INTERNATIONAL AIRPORT, UT US",40.7781,-111.9694,1287.8,3/13/2004,2004,3,13,46.5,58,35
USW00024127,"SALT LAKE CITY INTERNATIONAL AIRPORT, UT US",40.7781,-111.9694,1287.8,3/14/2004,2004,3,14,49,60,38
USW00024127,"SALT LAKE CITY INTERNATIONAL AIRPORT, UT US",40.7781,-111.9694,1287.8,3/15/2004,2004,3,15,46,56,36
USW00024127,"SALT LAKE CITY INTERNATIONAL AIRPORT, UT US",40.7781,-111.9694,1287.8,3/16/2004,2004,3,16,47.5,58,37
USW00024127,"SALT LAKE CITY INTERNATIONAL AIRPORT, UT US",40.7781,-111.9694,1287.8,3/17/2004,2004,3,17,50.5,63,38
USW00024127,"SALT LAKE CITY INTERNATIONAL AIRPORT, UT US",40.7781,-111.9694,1287.8,3/18/2004,2004,3,18,56.5,71,42
USW00024127,"SALT LAKE CITY INTERNATIONAL AIRPORT, UT US",40.7781,-111.9694,1287.8,3/19/2004,2004,3,19,62,75,49
USW00024127,"SALT LAKE CITY INTERNATIONAL AIRPORT, UT US",40.7781,-111.9694,1287.8,3/20/2004,2004,3,20,56.5,71,42
USW00024127,"SALT LAKE CITY INTERNATIONAL AIRPORT, UT US",40.7781,-111.9694,1287.8,3/21/2004,2004,3,21,57.5,73,42
USW00024127,"SALT LAKE CITY INTERNATIONAL AIRPORT, UT US",40.7781,-111.9694,1287.8,3/22/2004,2004,3,22,60.5,74,47
USW00024127,"SALT LAKE CITY INTERNATIONAL AIRPORT, UT US",40.7781,-111.9694,1287.8,3/23/2004,2004,3,23,64,74,54
USW00024127,"SALT LAKE CITY INTERNATIONAL AIRPORT, UT US",40.7781,-111.9694,1287.8,3/24/2004,2004,3,24,61,73,49
USW00024127,"SALT LAKE CITY INTERNATIONAL AIRPORT, UT US",40.7781,-111.9694,1287.8,3/25/2004,2004,3,25,58,68,48
USW00024127,"SALT LAKE CITY INTERNATIONAL AIRPORT, UT US",40.7781,-111.9694,1287.8,3/26/2004,2004,3,26,51.5,66,37
USW00024127,"SALT LAKE CITY INTERNATIONAL AIRPORT, UT US",40.7781,-111.9694,1287.8,3/27/2004,2004,3,27,41.5,47,36
USW00024127,"SALT LAKE CITY INTERNATIONAL AIRPORT, UT US",40.7781,-111.9694,1287.8,3/28/2004,2004,3,28,42,52,32
USW00024127,"SALT LAKE CITY INTERNATIONAL AIRPORT, UT US",40.7781,-111.9694,1287.8,3/29/2004,2004,3,29,47.5,61,34
USW00024127,"SALT LAKE CITY INTERNATIONAL AIRPORT, UT US",40.7781,-111.9694,1287.8,3/30/2004,2004,3,30,58.5,76,41
USW00024127,"SALT LAKE CITY INTERNATIONAL AIRPORT, UT US",40.7781,-111.9694,1287.8,3/31/2004,2004,3,31,64.5,78,51
USW00024127,"SALT LAKE CITY INTERNATIONAL AIRPORT, UT US",40.7781,-111.9694,1287.8,4/1/2004,2004,4,1,55,65,45
USW00024127,"SALT LAKE CITY INTERNATIONAL AIRPORT, UT US",40.7781,-111.9694,1287.8,4/2/2004,2004,4,2,55.5,69,42
USW00024127,"SALT LAKE CITY INTERNATIONAL AIRPORT, UT US",40.7781,-111.9694,1287.8,4/3/2004,2004,4,3,57.5,69,46
USW00024127,"SALT LAKE CITY INTERNATIONAL AIRPORT, UT US",40.7781,-111.9694,1287.8,4/4/2004,2004,4,4,58,69,47
USW00024127,"SALT LAKE CITY INTERNATIONAL AIRPORT, UT US",40.7781,-111.9694,1287.8,4/5/2004,2004,4,5,57.5,70,45
USW00024127,"SALT LAKE CITY INTERNATIONAL AIRPORT, UT US",40.7781,-111.9694,1287.8,4/6/2004,2004,4,6,60,70,50
USW00024127,"SALT LAKE CITY INTERNATIONAL AIRPORT, UT US",40.7781,-111.9694,1287.8,4/7/2004,2004,4,7,56.5,62,51
USW00024127,"SALT LAKE CITY INTERNATIONAL AIRPORT, UT US",40.7781,-111.9694,1287.8,4/8/2004,2004,4,8,53.5,60,47
USW00024127,"SALT LAKE CITY INTERNATIONAL AIRPORT, UT US",40.7781,-111.9694,1287.8,4/9/2004,2004,4,9,49,56,42
USW00024127,"SALT LAKE CITY INTERNATIONAL AIRPORT, UT US",40.7781,-111.9694,1287.8,4/10/2004,2004,4,10,44,53,35
USW00024127,"SALT LAKE CITY INTERNATIONAL AIRPORT, UT US",40.7781,-111.9694,1287.8,4/11/2004,2004,4,11,44.5,57,32
USW00024127,"SALT LAKE CITY INTERNATIONAL AIRPORT, UT US",40.7781,-111.9694,1287.8,4/12/2004,2004,4,12,53,66,40
USW00024127,"SALT LAKE CITY INTERNATIONAL AIRPORT, UT US",40.7781,-111.9694,1287.8,4/13/2004,2004,4,13,59.5,75,44
USW00024127,"SALT LAKE CITY INTERNATIONAL AIRPORT, UT US",40.7781,-111.9694,1287.8,4/14/2004,2004,4,14,56,66,46
USW00024127,"SALT LAKE CITY INTERNATIONAL AIRPORT, UT US",40.7781,-111.9694,1287.8,4/15/2004,2004,4,15,55,64,46
USW00024127,"SALT LAKE CITY INTERNATIONAL AIRPORT, UT US",40.7781,-111.9694,1287.8,4/16/2004,2004,4,16,53,62,44
USW00024127,"SALT LAKE CITY INTERNATIONAL AIRPORT, UT US",40.7781,-111.9694,1287.8,4/17/2004,2004,4,17,54.5,65,44
USW00024127,"SALT LAKE CITY INTERNATIONAL AIRPORT, UT US",40.7781,-111.9694,1287.8,4/18/2004,2004,4,18,45.5,52,39
USW00024127,"SALT LAKE CITY INTERNATIONAL AIRPORT, UT US",40.7781,-111.9694,1287.8,4/19/2004,2004,4,19,46,53,39
USW00024127,"SALT LAKE CITY INTERNATIONAL AIRPORT, UT US",40.7781,-111.9694,1287.8,4/20/2004,2004,4,20,49,60,38
USW00024127,"SALT LAKE CITY INTERNATIONAL AIRPORT, UT US",40.7781,-111.9694,1287.8,4/21/2004,2004,4,21,46,54,38
USW00024127,"SALT LAKE CITY INTERNATIONAL AIRPORT, UT US",40.7781,-111.9694,1287.8,4/22/2004,2004,4,22,48.5,56,41
USW00024127,"SALT LAKE CITY INTERNATIONAL AIRPORT, UT US",40.7781,-111.9694,1287.8,4/23/2004,2004,4,23,53.5,63,44
USW00024127,"SALT LAKE CITY INTERNATIONAL AIRPORT, UT US",40.7781,-111.9694,1287.8,4/24/2004,2004,4,24,50.5,62,39
USW00024127,"SALT LAKE CITY INTERNATIONAL AIRPORT, UT US",40.7781,-111.9694,1287.8,4/25/2004,2004,4,25,50.5,63,38
USW00024127,"SALT LAKE CITY INTERNATIONAL AIRPORT, UT US",40.7781,-111.9694,1287.8,4/26/2004,2004,4,26,55.5,70,41
USW00024127,"SALT LAKE CITY INTERNATIONAL AIRPORT, UT US",40.7781,-111.9694,1287.8,4/27/2004,2004,4,27,61,76,46
USW00024127,"SALT LAKE CITY INTERNATIONAL AIRPORT, UT US",40.7781,-111.9694,1287.8,4/28/2004,2004,4,28,50,67,33
USW00024127,"SALT LAKE CITY INTERNATIONAL AIRPORT, UT US",40.7781,-111.9694,1287.8,4/29/2004,2004,4,29,42.5,49,36
USW00024127,"SALT LAKE CITY INTERNATIONAL AIRPORT, UT US",40.7781,-111.9694,1287.8,4/30/2004,2004,4,30,51,61,41
USW00024127,"SALT LAKE CITY INTERNATIONAL AIRPORT, UT US",40.7781,-111.9694,1287.8,5/1/2004,2004,5,1,55.5,69,42
USW00024127,"SALT LAKE CITY INTERNATIONAL AIRPORT, UT US",40.7781,-111.9694,1287.8,5/2/2004,2004,5,2,61,76,46
USW00024127,"SALT LAKE CITY INTERNATIONAL AIRPORT, UT US",40.7781,-111.9694,1287.8,5/3/2004,2004,5,3,67.5,82,53
USW00024127,"SALT LAKE CITY INTERNATIONAL AIRPORT, UT US",40.7781,-111.9694,1287.8,5/4/2004,2004,5,4,70.5,86,55
USW00024127,"SALT LAKE CITY INTERNATIONAL AIRPORT, UT US",40.7781,-111.9694,1287.8,5/5/2004,2004,5,5,77.5,86,69
USW00024127,"SALT LAKE CITY INTERNATIONAL AIRPORT, UT US",40.7781,-111.9694,1287.8,5/6/2004,2004,5,6,71.5,83,60
USW00024127,"SALT LAKE CITY INTERNATIONAL AIRPORT, UT US",40.7781,-111.9694,1287.8,5/7/2004,2004,5,7,69,82,56
USW00024127,"SALT LAKE CITY INTERNATIONAL AIRPORT, UT US",40.7781,-111.9694,1287.8,5/8/2004,2004,5,8,69.5,80,59
USW00024127,"SALT LAKE CITY INTERNATIONAL AIRPORT, UT US",40.7781,-111.9694,1287.8,5/9/2004,2004,5,9,63,76,50
USW00024127,"SALT LAKE CITY INTERNATIONAL AIRPORT, UT US",40.7781,-111.9694,1287.8,5/10/2004,2004,5,10,69,87,51
USW00024127,"SALT LAKE CITY INTERNATIONAL AIRPORT, UT US",40.7781,-111.9694,1287.8,5/11/2004,2004,5,11,50.5,56,45
USW00024127,"SALT LAKE CITY INTERNATIONAL AIRPORT, UT US",40.7781,-111.9694,1287.8,5/12/2004,2004,5,12,50.5,58,43
USW00024127,"SALT LAKE CITY INTERNATIONAL AIRPORT, UT US",40.7781,-111.9694,1287.8,5/13/2004,2004,5,13,49.5,59,40
USW00024127,"SALT LAKE CITY INTERNATIONAL AIRPORT, UT US",40.7781,-111.9694,1287.8,5/14/2004,2004,5,14,58.5,73,44
USW00024127,"SALT LAKE CITY INTERNATIONAL AIRPORT, UT US",40.7781,-111.9694,1287.8,5/15/2004,2004,5,15,61,75,47
USW00024127,"SALT LAKE CITY INTERNATIONAL AIRPORT, UT US",40.7781,-111.9694,1287.8,5/16/2004,2004,5,16,60,72,48
USW00024127,"SALT LAKE CITY INTERNATIONAL AIRPORT, UT US",40.7781,-111.9694,1287.8,5/17/2004,2004,5,17,64.5,78,51
USW00024127,"SALT LAKE CITY INTERNATIONAL AIRPORT, UT US",40.7781,-111.9694,1287.8,5/18/2004,2004,5,18,64.5,78,51
USW00024127,"SALT LAKE CITY INTERNATIONAL AIRPORT, UT US",40.7781,-111.9694,1287.8,5/19/2004,2004,5,19,59.5,74,45
USW00024127,"SALT LAKE CITY INTERNATIONAL AIRPORT, UT US",40.7781,-111.9694,1287.8,5/20/2004,2004,5,20,62.5,73,52
USW00024127,"SALT LAKE CITY INTERNATIONAL AIRPORT, UT US",40.7781,-111.9694,1287.8,5/21/2004,2004,5,21,57,67,47
USW00024127,"SALT LAKE CITY INTERNATIONAL AIRPORT, UT US",40.7781,-111.9694,1287.8,5/22/2004,2004,5,22,58,66,50
USW00024127,"SALT LAKE CITY INTERNATIONAL AIRPORT, UT US",40.7781,-111.9694,1287.8,5/23/2004,2004,5,23,54.5,61,48
USW00024127,"SALT LAKE CITY INTERNATIONAL AIRPORT, UT US",40.7781,-111.9694,1287.8,5/24/2004,2004,5,24,53,64,42
USW00024127,"SALT LAKE CITY INTERNATIONAL AIRPORT, UT US",40.7781,-111.9694,1287.8,5/25/2004,2004,5,25,52,58,46
USW00024127,"SALT LAKE CITY INTERNATIONAL AIRPORT, UT US",40.7781,-111.9694,1287.8,5/26/2004,2004,5,26,56.5,70,43
USW00024127,"SALT LAKE CITY INTERNATIONAL AIRPORT, UT US",40.7781,-111.9694,1287.8,5/27/2004,2004,5,27,64,75,53
USW00024127,"SALT LAKE CITY INTERNATIONAL AIRPORT, UT US",40.7781,-111.9694,1287.8,5/28/2004,2004,5,28,57,68,46
USW00024127,"SALT LAKE CITY INTERNATIONAL AIRPORT, UT US",40.7781,-111.9694,1287.8,5/29/2004,2004,5,29,51,57,45
USW00024127,"SALT LAKE CITY INTERNATIONAL AIRPORT, UT US",40.7781,-111.9694,1287.8,5/30/2004,2004,5,30,52.5,64,41
USW00024127,"SALT LAKE CITY INTERNATIONAL AIRPORT, UT US",40.7781,-111.9694,1287.8,5/31/2004,2004,5,31,59.5,73,46
USW00024127,"SALT LAKE CITY INTERNATIONAL AIRPORT, UT US",40.7781,-111.9694,1287.8,6/1/2004,2004,6,1,66,81,51
USW00024127,"SALT LAKE CITY INTERNATIONAL AIRPORT, UT US",40.7781,-111.9694,1287.8,6/2/2004,2004,6,2,69.5,85,54
USW00024127,"SALT LAKE CITY INTERNATIONAL AIRPORT, UT US",40.7781,-111.9694,1287.8,6/3/2004,2004,6,3,74,93,55
USW00024127,"SALT LAKE CITY INTERNATIONAL AIRPORT, UT US",40.7781,-111.9694,1287.8,6/4/2004,2004,6,4,77,91,63
USW00024127,"SALT LAKE CITY INTERNATIONAL AIRPORT, UT US",40.7781,-111.9694,1287.8,6/5/2004,2004,6,5,75.5,91,60
USW00024127,"SALT LAKE CITY INTERNATIONAL AIRPORT, UT US",40.7781,-111.9694,1287.8,6/6/2004,2004,6,6,75,89,61
USW00024127,"SALT LAKE CITY INTERNATIONAL AIRPORT, UT US",40.7781,-111.9694,1287.8,6/7/2004,2004,6,7,68.5,83,54
USW00024127,"SALT LAKE CITY INTERNATIONAL AIRPORT, UT US",40.7781,-111.9694,1287.8,6/8/2004,2004,6,8,71.5,80,63
USW00024127,"SALT LAKE CITY INTERNATIONAL AIRPORT, UT US",40.7781,-111.9694,1287.8,6/9/2004,2004,6,9,70,88,52
USW00024127,"SALT LAKE CITY INTERNATIONAL AIRPORT, UT US",40.7781,-111.9694,1287.8,6/10/2004,2004,6,10,52.5,57,48
USW00024127,"SALT LAKE CITY INTERNATIONAL AIRPORT, UT US",40.7781,-111.9694,1287.8,6/11/2004,2004,6,11,59.5,70,49
USW00024127,"SALT LAKE CITY INTERNATIONAL AIRPORT, UT US",40.7781,-111.9694,1287.8,6/12/2004,2004,6,12,66,76,56
USW00024127,"SALT LAKE CITY INTERNATIONAL AIRPORT, UT US",40.7781,-111.9694,1287.8,6/13/2004,2004,6,13,69,81,57
USW00024127,"SALT LAKE CITY INTERNATIONAL AIRPORT, UT US",40.7781,-111.9694,1287.8,6/14/2004,2004,6,14,68.5,80,57
USW00024127,"SALT LAKE CITY INTERNATIONAL AIRPORT, UT US",40.7781,-111.9694,1287.8,6/15/2004,2004,6,15,67,80,54
USW00024127,"SALT LAKE CITY INTERNATIONAL AIRPORT, UT US",40.7781,-111.9694,1287.8,6/16/2004,2004,6,16,65.5,77,54
USW00024127,"SALT LAKE CITY INTERNATIONAL AIRPORT, UT US",40.7781,-111.9694,1287.8,6/17/2004,2004,6,17,64,72,56
USW00024127,"SALT LAKE CITY INTERNATIONAL AIRPORT, UT US",40.7781,-111.9694,1287.8,6/18/2004,2004,6,18,70,84,56
USW00024127,"SALT LAKE CITY INTERNATIONAL AIRPORT, UT US",40.7781,-111.9694,1287.8,6/19/2004,2004,6,19,73,87,59
USW00024127,"SALT LAKE CITY INTERNATIONAL AIRPORT, UT US",40.7781,-111.9694,1287.8,6/20/2004,2004,6,20,71.5,84,59
USW00024127,"SALT LAKE CITY INTERNATIONAL AIRPORT, UT US",40.7781,-111.9694,1287.8,6/21/2004,2004,6,21,66,76,56
USW00024127,"SALT LAKE CITY INTERNATIONAL AIRPORT, UT US",40.7781,-111.9694,1287.8,6/22/2004,2004,6,22,70,84,56
USW00024127,"SALT LAKE CITY INTERNATIONAL AIRPORT, UT US",40.7781,-111.9694,1287.8,6/23/2004,2004,6,23,75.5,92,59
USW00024127,"SALT LAKE CITY INTERNATIONAL AIRPORT, UT US",40.7781,-111.9694,1287.8,6/24/2004,2004,6,24,76.5,91,62
USW00024127,"SALT LAKE CITY INTERNATIONAL AIRPORT, UT US",40.7781,-111.9694,1287.8,6/25/2004,2004,6,25,77,90,64
USW00024127,"SALT LAKE CITY INTERNATIONAL AIRPORT, UT US",40.7781,-111.9694,1287.8,6/26/2004,2004,6,26,74.5,86,63
USW00024127,"SALT LAKE CITY INTERNATIONAL AIRPORT, UT US",40.7781,-111.9694,1287.8,6/27/2004,2004,6,27,75,88,62
USW00024127,"SALT LAKE CITY INTERNATIONAL AIRPORT, UT US",40.7781,-111.9694,1287.8,6/28/2004,2004,6,28,75.5,89,62
USW00024127,"SALT LAKE CITY INTERNATIONAL AIRPORT, UT US",40.7781,-111.9694,1287.8,6/29/2004,2004,6,29,69,78,60
USW00024127,"SALT LAKE CITY INTERNATIONAL AIRPORT, UT US",40.7781,-111.9694,1287.8,6/30/2004,2004,6,30,74,87,61
USC00421918,"CUTLER DAM, UT US",41.83308,-112.05788,1307.6,1/1/2004,2004,1,1,34.5,39,30
USC00421918,"CUTLER DAM, UT US",41.83308,-112.05788,1307.6,1/2/2004,2004,1,2,33.5,42,25
USC00421918,"CUTLER DAM, UT US",41.83308,-112.05788,1307.6,1/3/2004,2004,1,3,22,32,12
USC00421918,"CUTLER DAM, UT US",41.83308,-112.05788,1307.6,1/4/2004,2004,1,4,20.5,26,15
USC00421918,"CUTLER DAM, UT US",41.83308,-112.05788,1307.6,1/5/2004,2004,1,5,19.5,25,14
USC00421918,"CUTLER DAM, UT US",41.83308,-112.05788,1307.6,1/6/2004,2004,1,6,12.5,23,2
USC00421918,"CUTLER DAM, UT US",41.83308,-112.05788,1307.6,1/7/2004,2004,1,7,20,25,15
USC00421918,"CUTLER DAM, UT US",41.83308,-112.05788,1307.6,1/8/2004,2004,1,8,27,32,22
USC00421918,"CUTLER DAM, UT US",41.83308,-112.05788,1307.6,1/9/2004,2004,1,9,24,33,15
USC00421918,"CUTLER DAM, UT US",41.83308,-112.05788,1307.6,1/10/2004,2004,1,10,16.5,22,11
USC00421918,"CUTLER DAM, UT US",41.83308,-112.05788,1307.6,1/11/2004,2004,1,11,11.5,19,4
USC00421918,"CUTLER DAM, UT US",41.83308,-112.05788,1307.6,1/12/2004,2004,1,12,6.5,15,-2
USC00421918,"CUTLER DAM, UT US",41.83308,-112.05788,1307.6,1/13/2004,2004,1,13,6.5,16,-3
USC00421918,"CUTLER DAM, UT US",41.83308,-112.05788,1307.6,1/14/2004,2004,1,14,8.5,18,-1
USC00421918,"CUTLER DAM, UT US",41.83308,-112.05788,1307.6,1/15/2004,2004,1,15,6.5,15,-2
USC00421918,"CUTLER DAM, UT US",41.83308,-112.05788,1307.6,1/16/2004,2004,1,16,12.5,18,7
USC00421918,"CUTLER DAM, UT US",41.83308,-112.05788,1307.6,1/17/2004,2004,1,17,11.5,20,3
USC00421918,"CUTLER DAM, UT US",41.83308,-112.05788,1307.6,1/18/2004,2004,1,18,10.5,16,5
USC00421918,"CUTLER DAM, UT US",41.83308,-112.05788,1307.6,1/19/2004,2004,1,19,17,23,11
USC00421918,"CUTLER DAM, UT US",41.83308,-112.05788,1307.6,1/20/2004,2004,1,20,19.5,24,15
USC00421918,"CUTLER DAM, UT US",41.83308,-112.05788,1307.6,1/21/2004,2004,1,21,17,22,12
USC00421918,"CUTLER DAM, UT US",41.83308,-112.05788,1307.6,1/22/2004,2004,1,22,11,21,1
USC00421918,"CUTLER DAM, UT US",41.83308,-112.05788,1307.6,1/23/2004,2004,1,23,9,21,-3
USC00421918,"CUTLER DAM, UT US",41.83308,-112.05788,1307.6,1/24/2004,2004,1,24,10,20,0
USC00421918,"CUTLER DAM, UT US",41.83308,-112.05788,1307.6,1/25/2004,2004,1,25,27,29,25
USC00421918,"CUTLER DAM, UT US",41.83308,-112.05788,1307.6,1/26/2004,2004,1,26,24.5,31,18
USC00421918,"CUTLER DAM, UT US",41.83308,-112.05788,1307.6,1/27/2004,2004,1,27,24,33,15
USC00421918,"CUTLER DAM, UT US",41.83308,-112.05788,1307.6,1/28/2004,2004,1,28,31.5,38,25
USC00421918,"CUTLER DAM, UT US",41.83308,-112.05788,1307.6,1/29/2004,2004,1,29,32,39,25
USC00421918,"CUTLER DAM, UT US",41.83308,-112.05788,1307.6,1/30/2004,2004,1,30,37,40,34
USC00421918,"CUTLER DAM, UT US",41.83308,-112.05788,1307.6,1/31/2004,2004,1,31,31.5,42,21
USC00421918,"CUTLER DAM, UT US",41.83308,-112.05788,1307.6,2/1/2004,2004,2,1,25,34,16
USC00421918,"CUTLER DAM, UT US",41.83308,-112.05788,1307.6,2/2/2004,2004,2,2,25,30,20
USC00421918,"CUTLER DAM, UT US",41.83308,-112.05788,1307.6,2/3/2004,2004,2,3,26.5,33,20
USC00421918,"CUTLER DAM, UT US",41.83308,-112.05788,1307.6,2/4/2004,2004,2,4,31,34,28
USC00421918,"CUTLER DAM, UT US",41.83308,-112.05788,1307.6,2/5/2004,2004,2,5,30,34,26
USC00421918,"CUTLER DAM, UT US",41.83308,-112.05788,1307.6,2/6/2004,2004,2,6,23.5,37,10
USC00421918,"CUTLER DAM, UT US",41.83308,-112.05788,1307.6,2/7/2004,2004,2,7,23,30,16
USC00421918,"CUTLER DAM, UT US",41.83308,-112.05788,1307.6,2/8/2004,2004,2,8,28,37,19
USC00421918,"CUTLER DAM, UT US",41.83308,-112.05788,1307.6,2/9/2004,2004,2,9,28,32,24
USC00421918,"CUTLER DAM, UT US",41.83308,-112.05788,1307.6,2/10/2004,2004,2,10,22,32,12
USC00421918,"CUTLER DAM, UT US",41.83308,-112.05788,1307.6,2/11/2004,2004,2,11,20,24,16
USC00421918,"CUTLER DAM, UT US",41.83308,-112.05788,1307.6,2/12/2004,2004,2,12,13.5,25,2
USC00421918,"CUTLER DAM, UT US",41.83308,-112.05788,1307.6,2/13/2004,2004,2,13,8,15,1
USC00421918,"CUTLER DAM, UT US",41.83308,-112.05788,1307.6,2/14/2004,2004,2,14,5,15,-5
USC00421918,"CUTLER DAM, UT US",41.83308,-112.05788,1307.6,2/15/2004,2004,2,15,12.5,20,5
USC00421918,"CUTLER DAM, UT US",41.83308,-112.05788,1307.6,2/16/2004,2004,2,16,19,28,10
USC00421918,"CUTLER DAM, UT US",41.83308,-112.05788,1307.6,2/17/2004,2004,2,17,31.5,41,22
USC00421918,"CUTLER DAM, UT US",41.83308,-112.05788,1307.6,2/18/2004,2004,2,18,39.5,48,31
USC00421918,"CUTLER DAM, UT US",41.83308,-112.05788,1307.6,2/19/2004,2004,2,19,40.5,47,34
USC00421918,"CUTLER DAM, UT US",41.83308,-112.05788,1307.6,2/20/2004,2004,2,20,32.5,41,24
USC00421918,"CUTLER DAM, UT US",41.83308,-112.05788,1307.6,2/21/2004,2004,2,21,32,41,23
USC00421918,"CUTLER DAM, UT US",41.83308,-112.05788,1307.6,2/22/2004,2004,2,22,29,30,28
USC00421918,"CUTLER DAM, UT US",41.83308,-112.05788,1307.6,2/23/2004,2004,2,23,31,39,23
USC00421918,"CUTLER DAM, UT US",41.83308,-112.05788,1307.6,2/24/2004,2004,2,24,31.5,39,24
USC00421918,"CUTLER DAM, UT US",41.83308,-112.05788,1307.6,2/25/2004,2004,2,25,35,40,30
USC00421918,"CUTLER DAM, UT US",41.83308,-112.05788,1307.6,2/26/2004,2004,2,26,41,45,37
USC00421918,"CUTLER DAM, UT US",41.83308,-112.05788,1307.6,2/27/2004,2004,2,27,34.5,40,29
USC00421918,"CUTLER DAM, UT US",41.83308,-112.05788,1307.6,2/28/2004,2004,2,28,34,38,30
USC00421918,"CUTLER DAM, UT US",41.83308,-112.05788,1307.6,2/29/2004,2004,2,29,35,40,30
USC00421918,"CUTLER DAM, UT US",41.83308,-112.05788,1307.6,3/1/2004,2004,3,1,28,39,17
USC00421918,"CUTLER DAM, UT US",41.83308,-112.05788,1307.6,3/2/2004,2004,3,2,31.5,36,27
USC00421918,"CUTLER DAM, UT US",41.83308,-112.05788,1307.6,3/3/2004,2004,3,3,32.5,36,29
USC00421918,"CUTLER DAM, UT US",41.83308,-112.05788,1307.6,3/4/2004,2004,3,4,33,39,27
USC00421918,"CUTLER DAM, UT US",41.83308,-112.05788,1307.6,3/5/2004,2004,3,5,33.5,39,28
USC00421918,"CUTLER DAM, UT US",41.83308,-112.05788,1307.6,3/6/2004,2004,3,6,40.5,43,38
USC00421918,"CUTLER DAM, UT US",41.83308,-112.05788,1307.6,3/7/2004,2004,3,7,35.5,44,27
USC00421918,"CUTLER DAM, UT US",41.83308,-112.05788,1307.6,3/8/2004,2004,3,8,35.5,44,27
USC00421918,"CUTLER DAM, UT US",41.83308,-112.05788,1307.6,3/9/2004,2004,3,9,37,41,33
USC00421918,"CUTLER DAM, UT US",41.83308,-112.05788,1307.6,3/10/2004,2004,3,10,38.5,45,32
USC00421918,"CUTLER DAM, UT US",41.83308,-112.05788,1307.6,3/11/2004,2004,3,11,34.5,46,23
USC00421918,"CUTLER DAM, UT US",41.83308,-112.05788,1307.6,3/12/2004,2004,3,12,33.5,43,24
USC00421918,"CUTLER DAM, UT US",41.83308,-112.05788,1307.6,3/13/2004,2004,3,13,34,44,24
USC00421918,"CUTLER DAM, UT US",41.83308,-112.05788,1307.6,3/14/2004,2004,3,14,35,52,18
USC00421918,"CUTLER DAM, UT US",41.83308,-112.05788,1307.6,3/15/2004,2004,3,15,44.5,55,34
USC00421918,"CUTLER DAM, UT US",41.83308,-112.05788,1307.6,3/16/2004,2004,3,16,50,66,34
USC00421918,"CUTLER DAM, UT US",41.83308,-112.05788,1307.6,3/17/2004,2004,3,17,47.5,60,35
USC00421918,"CUTLER DAM, UT US",41.83308,-112.05788,1307.6,3/18/2004,2004,3,18,54,66,42
USC00421918,"CUTLER DAM, UT US",41.83308,-112.05788,1307.6,3/19/2004,2004,3,19,59.5,71,48
USC00421918,"CUTLER DAM, UT US",41.83308,-112.05788,1307.6,3/20/2004,2004,3,20,56.5,73,40
USC00421918,"CUTLER DAM, UT US",41.83308,-112.05788,1307.6,3/21/2004,2004,3,21,60.5,70,51
USC00421918,"CUTLER DAM, UT US",41.83308,-112.05788,1307.6,3/22/2004,2004,3,22,64.5,75,54
USC00421918,"CUTLER DAM, UT US",41.83308,-112.05788,1307.6,3/23/2004,2004,3,23,63,74,52
USC00421918,"CUTLER DAM, UT US",41.83308,-112.05788,1307.6,3/24/2004,2004,3,24,62,75,49
USC00421918,"CUTLER DAM, UT US",41.83308,-112.05788,1307.6,3/25/2004,2004,3,25,61.5,72,51
USC00421918,"CUTLER DAM, UT US",41.83308,-112.05788,1307.6,3/26/2004,2004,3,26,55.5,72,39
USC00421918,"CUTLER DAM, UT US",41.83308,-112.05788,1307.6,3/27/2004,2004,3,27,40.5,46,35
USC00421918,"CUTLER DAM, UT US",41.83308,-112.05788,1307.6,3/28/2004,2004,3,28,43,53,33
USC00421918,"CUTLER DAM, UT US",41.83308,-112.05788,1307.6,3/29/2004,2004,3,29,51,59,43
USC00421918,"CUTLER DAM, UT US",41.83308,-112.05788,1307.6,3/30/2004,2004,3,30,58.5,72,45
USC00421918,"CUTLER DAM, UT US",41.83308,-112.05788,1307.6,3/31/2004,2004,3,31,63,78,48
USC00421918,"CUTLER DAM, UT US",41.83308,-112.05788,1307.6,4/1/2004,2004,4,1,66.5,77,56
USC00421918,"CUTLER DAM, UT US",41.83308,-112.05788,1307.6,4/2/2004,2004,4,2,64,67,61
USC00421918,"CUTLER DAM, UT US",41.83308,-112.05788,1307.6,4/3/2004,2004,4,3,63.5,68,59
USC00421918,"CUTLER DAM, UT US",41.83308,-112.05788,1307.6,4/4/2004,2004,4,4,61,69,53
USC00421918,"CUTLER DAM, UT US",41.83308,-112.05788,1307.6,4/5/2004,2004,4,5,61.5,73,50
USC00421918,"CUTLER DAM, UT US",41.83308,-112.05788,1307.6,4/6/2004,2004,4,6,59.5,74,45
USC00421918,"CUTLER DAM, UT US",41.83308,-112.05788,1307.6,4/7/2004,2004,4,7,61.5,73,50
USC00421918,"CUTLER DAM, UT US",41.83308,-112.05788,1307.6,4/8/2004,2004,4,8,57,67,47
USC00421918,"CUTLER DAM, UT US",41.83308,-112.05788,1307.6,4/9/2004,2004,4,9,50.5,60,41
USC00421918,"CUTLER DAM, UT US",41.83308,-112.05788,1307.6,4/10/2004,2004,4,10,47,54,40
USC00421918,"CUTLER DAM, UT US",41.83308,-112.05788,1307.6,4/11/2004,2004,4,11,47.5,59,36
USC00421918,"CUTLER DAM, UT US",41.83308,-112.05788,1307.6,4/12/2004,2004,4,12,54,65,43
USC00421918,"CUTLER DAM, UT US",41.83308,-112.05788,1307.6,4/13/2004,2004,4,13,56,71,41
USC00421918,"CUTLER DAM, UT US",41.83308,-112.05788,1307.6,4/14/2004,2004,4,14,58.5,73,44
USC00421918,"CUTLER DAM, UT US",41.83308,-112.05788,1307.6,4/15/2004,2004,4,15,56.5,73,40
USC00421918,"CUTLER DAM, UT US",41.83308,-112.05788,1307.6,4/16/2004,2004,4,16,56,61,51
USC00421918,"CUTLER DAM, UT US",41.83308,-112.05788,1307.6,4/17/2004,2004,4,17,55,59,51
USC00421918,"CUTLER DAM, UT US",41.83308,-112.05788,1307.6,4/18/2004,2004,4,18,51,59,43
USC00421918,"CUTLER DAM, UT US",41.83308,-112.05788,1307.6,4/19/2004,2004,4,19,48.5,53,44
USC00421918,"CUTLER DAM, UT US",41.83308,-112.05788,1307.6,4/20/2004,2004,4,20,51.5,54,49
USC00421918,"CUTLER DAM, UT US",41.83308,-112.05788,1307.6,4/21/2004,2004,4,21,45.5,53,38
USC00421918,"CUTLER DAM, UT US",41.83308,-112.05788,1307.6,4/22/2004,2004,4,22,54,58,50
USC00421918,"CUTLER DAM, UT US",41.83308,-112.05788,1307.6,4/23/2004,2004,4,23,53,61,45
USC00421918,"CUTLER DAM, UT US",41.83308,-112.05788,1307.6,4/24/2004,2004,4,24,51,64,38
USC00421918,"CUTLER DAM, UT US",41.83308,-112.05788,1307.6,4/25/2004,2004,4,25,48,64,32
USC00421918,"CUTLER DAM, UT US",41.83308,-112.05788,1307.6,4/26/2004,2004,4,26,54.5,71,38
USC00421918,"CUTLER DAM, UT US",41.83308,-112.05788,1307.6,4/27/2004,2004,4,27,56.5,75,38
USC00421918,"CUTLER DAM, UT US",41.83308,-112.05788,1307.6,4/28/2004,2004,4,28,55,75,35
USC00421918,"CUTLER DAM, UT US",41.83308,-112.05788,1307.6,4/29/2004,2004,4,29,44,45,43
USC00421918,"CUTLER DAM, UT US",41.83308,-112.05788,1307.6,4/30/2004,2004,4,30,58.5,62,55
USC00421918,"CUTLER DAM, UT US",41.83308,-112.05788,1307.6,5/1/2004,2004,5,1,68,70,66
USC00421918,"CUTLER DAM, UT US",41.83308,-112.05788,1307.6,5/2/2004,2004,5,2,64.5,73,56
USC00421918,"CUTLER DAM, UT US",41.83308,-112.05788,1307.6,5/3/2004,2004,5,3,67,80,54
USC00421918,"CUTLER DAM, UT US",41.83308,-112.05788,1307.6,5/4/2004,2004,5,4,68.5,81,56
USC00421918,"CUTLER DAM, UT US",41.83308,-112.05788,1307.6,5/5/2004,2004,5,5,70,84,56
USC00421918,"CUTLER DAM, UT US",41.83308,-112.05788,1307.6,5/6/2004,2004,5,6,71,84,58
USC00421918,"CUTLER DAM, UT US",41.83308,-112.05788,1307.6,5/7/2004,2004,5,7,67.5,82,53
USC00421918,"CUTLER DAM, UT US",41.83308,-112.05788,1307.6,5/8/2004,2004,5,8,65.5,79,52
USC00421918,"CUTLER DAM, UT US",41.83308,-112.05788,1307.6,5/9/2004,2004,5,9,64.5,79,50
USC00421918,"CUTLER DAM, UT US",41.83308,-112.05788,1307.6,5/10/2004,2004,5,10,72,82,62
USC00421918,"CUTLER DAM, UT US",41.83308,-112.05788,1307.6,5/11/2004,2004,5,11,53,83,23
USC00421918,"CUTLER DAM, UT US",41.83308,-112.05788,1307.6,5/12/2004,2004,5,12,44,57,31
USC00421918,"CUTLER DAM, UT US",41.83308,-112.05788,1307.6,5/13/2004,2004,5,13,51,56,46
USC00421918,"CUTLER DAM, UT US",41.83308,-112.05788,1307.6,5/14/2004,2004,5,14,57,68,46
USC00421918,"CUTLER DAM, UT US",41.83308,-112.05788,1307.6,5/15/2004,2004,5,15,63.5,72,55
USC00421918,"CUTLER DAM, UT US",41.83308,-112.05788,1307.6,5/16/2004,2004,5,16,68,70,66
USC00421918,"CUTLER DAM, UT US",41.83308,-112.05788,1307.6,5/17/2004,2004,5,17,71.5,73,70
USC00421918,"CUTLER DAM, UT US",41.83308,-112.05788,1307.6,5/18/2004,2004,5,18,71.5,77,66
USC00421918,"CUTLER DAM, UT US",41.83308,-112.05788,1307.6,5/19/2004,2004,5,19,62,72,52
USC00421918,"CUTLER DAM, UT US",41.83308,-112.05788,1307.6,5/20/2004,2004,5,20,67.5,75,60
USC00421918,"CUTLER DAM, UT US",41.83308,-112.05788,1307.6,5/21/2004,2004,5,21,67,76,58
USC00421918,"CUTLER DAM, UT US",41.83308,-112.05788,1307.6,5/22/2004,2004,5,22,58.5,67,50
USC00421918,"CUTLER DAM, UT US",41.83308,-112.05788,1307.6,5/23/2004,2004,5,23,54,63,45
USC00421918,"CUTLER DAM, UT US",41.83308,-112.05788,1307.6,5/24/2004,2004,5,24,49.5,62,37
USC00421918,"CUTLER DAM, UT US",41.83308,-112.05788,1307.6,5/25/2004,2004,5,25,60,65,55
USC00421918,"CUTLER DAM, UT US",41.83308,-112.05788,1307.6,5/26/2004,2004,5,26,60.5,65,56
USC00421918,"CUTLER DAM, UT US",41.83308,-112.05788,1307.6,5/27/2004,2004,5,27,60,65,55
USC00421918,"CUTLER DAM, UT US",41.83308,-112.05788,1307.6,5/28/2004,2004,5,28,57,66,48
USC00421918,"CUTLER DAM, UT US",41.83308,-112.05788,1307.6,5/29/2004,2004,5,29,54,66,42
USC00421918,"CUTLER DAM, UT US",41.83308,-112.05788,1307.6,5/30/2004,2004,5,30,52,58,46
USC00421918,"CUTLER DAM, UT US",41.83308,-112.05788,1307.6,5/31/2004,2004,5,31,58,69,47
USC00421918,"CUTLER DAM, UT US",41.83308,-112.05788,1307.6,6/1/2004,2004,6,1,64.5,73,56
USC00421918,"CUTLER DAM, UT US",41.83308,-112.05788,1307.6,6/2/2004,2004,6,2,74,79,69
USC00421918,"CUTLER DAM, UT US",41.83308,-112.05788,1307.6,6/3/2004,2004,6,3,75,84,66
USC00421918,"CUTLER DAM, UT US",41.83308,-112.05788,1307.6,6/4/2004,2004,6,4,78.5,88,69
USC00421918,"CUTLER DAM, UT US",41.83308,-112.05788,1307.6,6/5/2004,2004,6,5,74.5,90,59
USC00421918,"CUTLER DAM, UT US",41.83308,-112.05788,1307.6,6/6/2004,2004,6,6,72.5,89,56
USC00421918,"CUTLER DAM, UT US",41.83308,-112.05788,1307.6,6/7/2004,2004,6,7,70.5,85,56
USC00421918,"CUTLER DAM, UT US",41.83308,-112.05788,1307.6,6/8/2004,2004,6,8,76,84,68
USC00421918,"CUTLER DAM, UT US",41.83308,-112.05788,1307.6,6/9/2004,2004,6,9,76.5,84,69
USC00421918,"CUTLER DAM, UT US",41.83308,-112.05788,1307.6,6/10/2004,2004,6,10,67,83,51
USC00421918,"CUTLER DAM, UT US",41.83308,-112.05788,1307.6,6/11/2004,2004,6,11,56,65,47
USC00421918,"CUTLER DAM, UT US",41.83308,-112.05788,1307.6,6/12/2004,2004,6,12,59,70,48
USC00421918,"CUTLER DAM, UT US",41.83308,-112.05788,1307.6,6/13/2004,2004,6,13,70,79,61
USC00421918,"CUTLER DAM, UT US",41.83308,-112.05788,1307.6,6/14/2004,2004,6,14,69,79,59
USC00421918,"CUTLER DAM, UT US",41.83308,-112.05788,1307.6,6/15/2004,2004,6,15,69.5,83,56
USC00421918,"CUTLER DAM, UT US",41.83308,-112.05788,1307.6,6/16/2004,2004,6,16,71.5,81,62
USC00421918,"CUTLER DAM, UT US",41.83308,-112.05788,1307.6,6/17/2004,2004,6,17,69.5,79,60
USC00421918,"CUTLER DAM, UT US",41.83308,-112.05788,1307.6,6/18/2004,2004,6,18,64.5,77,52
USC00421918,"CUTLER DAM, UT US",41.83308,-112.05788,1307.6,6/19/2004,2004,6,19,68,79,57
USC00421918,"CUTLER DAM, UT US",41.83308,-112.05788,1307.6,6/20/2004,2004,6,20,69.5,82,57
USC00421918,"CUTLER DAM, UT US",41.83308,-112.05788,1307.6,6/21/2004,2004,6,21,67,82,52
USC00421918,"CUTLER DAM, UT US",41.83308,-112.05788,1307.6,6/22/2004,2004,6,22,65.5,81,50
USC00421918,"CUTLER DAM, UT US",41.83308,-112.05788,1307.6,6/23/2004,2004,6,23,79,85,73
USC00421918,"CUTLER DAM, UT US",41.83308,-112.05788,1307.6,6/24/2004,2004,6,24,74.5,89,60
USC00421918,"CUTLER DAM, UT US",41.83308,-112.05788,1307.6,6/25/2004,2004,6,25,76.5,90,63
USC00421918,"CUTLER DAM, UT US",41.83308,-112.05788,1307.6,6/26/2004,2004,6,26,74,85,63
USC00421918,"CUTLER DAM, UT US",41.83308,-112.05788,1307.6,6/27/2004,2004,6,27,76,86,66
USC00421918,"CUTLER DAM, UT US",41.83308,-112.05788,1307.6,6/28/2004,2004,6,28,76.5,87,66
USC00421918,"CUTLER DAM, UT US",41.83308,-112.05788,1307.6,6/29/2004,2004,6,29,79,89,69
USC00421918,"CUTLER DAM, UT US",41.83308,-112.05788,1307.6,6/30/2004,2004,6,30,71,81,61
USW00093129,"CEDAR CITY AIRPORT, UT US",37.7086,-113.0944,1702.6,1/1/2004,2004,1,1,34,40,28
USW00093129,"CEDAR CITY AIRPORT, UT US",37.7086,-113.0944,1702.6,1/2/2004,2004,1,2,35,39,31
USW00093129,"CEDAR CITY AIRPORT, UT US",37.7086,-113.0944,1702.6,1/3/2004,2004,1,3,19,34,3
USW00093129,"CEDAR CITY AIRPORT, UT US",37.7086,-113.0944,1702.6,1/4/2004,2004,1,4,6,21,-10
USW00093129,"CEDAR CITY AIRPORT, UT US",37.7086,-113.0944,1702.6,1/5/2004,2004,1,5,6,21,-10
USW00093129,"CEDAR CITY AIRPORT, UT US",37.7086,-113.0944,1702.6,1/6/2004,2004,1,6,13,25,1
USW00093129,"CEDAR CITY AIRPORT, UT US",37.7086,-113.0944,1702.6,1/7/2004,2004,1,7,32,42,22
USW00093129,"CEDAR CITY AIRPORT, UT US",37.7086,-113.0944,1702.6,1/8/2004,2004,1,8,34,49,19
USW00093129,"CEDAR CITY AIRPORT, UT US",37.7086,-113.0944,1702.6,1/9/2004,2004,1,9,33,47,19
USW00093129,"CEDAR CITY AIRPORT, UT US",37.7086,-113.0944,1702.6,1/10/2004,2004,1,10,35,49,20
USW00093129,"CEDAR CITY AIRPORT, UT US",37.7086,-113.0944,1702.6,1/11/2004,2004,1,11,32,44,19
USW00093129,"CEDAR CITY AIRPORT, UT US",37.7086,-113.0944,1702.6,1/12/2004,2004,1,12,32,45,18
USW00093129,"CEDAR CITY AIRPORT, UT US",37.7086,-113.0944,1702.6,1/13/2004,2004,1,13,31,42,19
USW00093129,"CEDAR CITY AIRPORT, UT US",37.7086,-113.0944,1702.6,1/14/2004,2004,1,14,21,28,14
USW00093129,"CEDAR CITY AIRPORT, UT US",37.7086,-113.0944,1702.6,1/15/2004,2004,1,15,25,34,15
USW00093129,"CEDAR CITY AIRPORT, UT US",37.7086,-113.0944,1702.6,1/16/2004,2004,1,16,23,32,14
USW00093129,"CEDAR CITY AIRPORT, UT US",37.7086,-113.0944,1702.6,1/17/2004,2004,1,17,23,30,16
USW00093129,"CEDAR CITY AIRPORT, UT US",37.7086,-113.0944,1702.6,1/18/2004,2004,1,18,26,35,16
USW00093129,"CEDAR CITY AIRPORT, UT US",37.7086,-113.0944,1702.6,1/19/2004,2004,1,19,26,32,19
USW00093129,"CEDAR CITY AIRPORT, UT US",37.7086,-113.0944,1702.6,1/20/2004,2004,1,20,27,36,18
USW00093129,"CEDAR CITY AIRPORT, UT US",37.7086,-113.0944,1702.6,1/21/2004,2004,1,21,22,28,16
USW00093129,"CEDAR CITY AIRPORT, UT US",37.7086,-113.0944,1702.6,1/22/2004,2004,1,22,24,32,15
USW00093129,"CEDAR CITY AIRPORT, UT US",37.7086,-113.0944,1702.6,1/23/2004,2004,1,23,26,45,7
USW00093129,"CEDAR CITY AIRPORT, UT US",37.7086,-113.0944,1702.6,1/24/2004,2004,1,24,34,48,19
USW00093129,"CEDAR CITY AIRPORT, UT US",37.7086,-113.0944,1702.6,1/25/2004,2004,1,25,23,35,11
USW00093129,"CEDAR CITY AIRPORT, UT US",37.7086,-113.0944,1702.6,1/26/2004,2004,1,26,19,33,5
USW00093129,"CEDAR CITY AIRPORT, UT US",37.7086,-113.0944,1702.6,1/27/2004,2004,1,27,29,42,15
USW00093129,"CEDAR CITY AIRPORT, UT US",37.7086,-113.0944,1702.6,1/28/2004,2004,1,28,34,46,21
USW00093129,"CEDAR CITY AIRPORT, UT US",37.7086,-113.0944,1702.6,1/29/2004,2004,1,29,33,48,18
USW00093129,"CEDAR CITY AIRPORT, UT US",37.7086,-113.0944,1702.6,1/30/2004,2004,1,30,36,52,19
USW00093129,"CEDAR CITY AIRPORT, UT US",37.7086,-113.0944,1702.6,1/31/2004,2004,1,31,20,34,6
USW00093129,"CEDAR CITY AIRPORT, UT US",37.7086,-113.0944,1702.6,2/1/2004,2004,2,1,19,35,2
USW00093129,"CEDAR CITY AIRPORT, UT US",37.7086,-113.0944,1702.6,2/2/2004,2004,2,2,24,37,10
USW00093129,"CEDAR CITY AIRPORT, UT US",37.7086,-113.0944,1702.6,2/3/2004,2004,2,3,31,37,25
USW00093129,"CEDAR CITY AIRPORT, UT US",37.7086,-113.0944,1702.6,2/4/2004,2004,2,4,28,33,23
USW00093129,"CEDAR CITY AIRPORT, UT US",37.7086,-113.0944,1702.6,2/5/2004,2004,2,5,23,32,14
USW00093129,"CEDAR CITY AIRPORT, UT US",37.7086,-113.0944,1702.6,2/6/2004,2004,2,6,21,37,5
USW00093129,"CEDAR CITY AIRPORT, UT US",37.7086,-113.0944,1702.6,2/7/2004,2004,2,7,29,41,16
USW00093129,"CEDAR CITY AIRPORT, UT US",37.7086,-113.0944,1702.6,2/8/2004,2004,2,8,23,34,11
USW00093129,"CEDAR CITY AIRPORT, UT US",37.7086,-113.0944,1702.6,2/9/2004,2004,2,9,20,33,6
USW00093129,"CEDAR CITY AIRPORT, UT US",37.7086,-113.0944,1702.6,2/10/2004,2004,2,10,21,33,9
USW00093129,"CEDAR CITY AIRPORT, UT US",37.7086,-113.0944,1702.6,2/11/2004,2004,2,11,19,30,7
USW00093129,"CEDAR CITY AIRPORT, UT US",37.7086,-113.0944,1702.6,2/12/2004,2004,2,12,16,29,2
USW00093129,"CEDAR CITY AIRPORT, UT US",37.7086,-113.0944,1702.6,2/13/2004,2004,2,13,21,38,3
USW00093129,"CEDAR CITY AIRPORT, UT US",37.7086,-113.0944,1702.6,2/14/2004,2004,2,14,31,49,13
USW00093129,"CEDAR CITY AIRPORT, UT US",37.7086,-113.0944,1702.6,2/15/2004,2004,2,15,31,49,13
USW00093129,"CEDAR CITY AIRPORT, UT US",37.7086,-113.0944,1702.6,2/16/2004,2004,2,16,36,52,20
USW00093129,"CEDAR CITY AIRPORT, UT US",37.7086,-113.0944,1702.6,2/17/2004,2004,2,17,42,56,28
USW00093129,"CEDAR CITY AIRPORT, UT US",37.7086,-113.0944,1702.6,2/18/2004,2004,2,18,47,60,33
USW00093129,"CEDAR CITY AIRPORT, UT US",37.7086,-113.0944,1702.6,2/19/2004,2004,2,19,33,43,23
USW00093129,"CEDAR CITY AIRPORT, UT US",37.7086,-113.0944,1702.6,2/20/2004,2004,2,20,30,41,19
USW00093129,"CEDAR CITY AIRPORT, UT US",37.7086,-113.0944,1702.6,2/21/2004,2004,2,21,34,40,27
USW00093129,"CEDAR CITY AIRPORT, UT US",37.7086,-113.0944,1702.6,2/22/2004,2004,2,22,35,39,31
USW00093129,"CEDAR CITY AIRPORT, UT US",37.7086,-113.0944,1702.6,2/23/2004,2004,2,23,36,41,30
USW00093129,"CEDAR CITY AIRPORT, UT US",37.7086,-113.0944,1702.6,2/24/2004,2004,2,24,39,45,33
USW00093129,"CEDAR CITY AIRPORT, UT US",37.7086,-113.0944,1702.6,2/25/2004,2004,2,25,38,47,28
USW00093129,"CEDAR CITY AIRPORT, UT US",37.7086,-113.0944,1702.6,2/26/2004,2004,2,26,38,44,31
USW00093129,"CEDAR CITY AIRPORT, UT US",37.7086,-113.0944,1702.6,2/27/2004,2004,2,27,34,42,26
USW00093129,"CEDAR CITY AIRPORT, UT US",37.7086,-113.0944,1702.6,2/28/2004,2004,2,28,27,33,21
USW00093129,"CEDAR CITY AIRPORT, UT US",37.7086,-113.0944,1702.6,2/29/2004,2004,2,29,27,39,14
USW00093129,"CEDAR CITY AIRPORT, UT US",37.7086,-113.0944,1702.6,3/1/2004,2004,3,1,31,42,19
USW00093129,"CEDAR CITY AIRPORT, UT US",37.7086,-113.0944,1702.6,3/2/2004,2004,3,2,37,46,28
USW00093129,"CEDAR CITY AIRPORT, UT US",37.7086,-113.0944,1702.6,3/3/2004,2004,3,3,35,48,22
USW00093129,"CEDAR CITY AIRPORT, UT US",37.7086,-113.0944,1702.6,3/4/2004,2004,3,4,34,43,25
USW00093129,"CEDAR CITY AIRPORT, UT US",37.7086,-113.0944,1702.6,3/5/2004,2004,3,5,32,44,20
USW00093129,"CEDAR CITY AIRPORT, UT US",37.7086,-113.0944,1702.6,3/6/2004,2004,3,6,45,59,30
USW00093129,"CEDAR CITY AIRPORT, UT US",37.7086,-113.0944,1702.6,3/7/2004,2004,3,7,42,59,25
USW00093129,"CEDAR CITY AIRPORT, UT US",37.7086,-113.0944,1702.6,3/8/2004,2004,3,8,44,63,25
USW00093129,"CEDAR CITY AIRPORT, UT US",37.7086,-113.0944,1702.6,3/9/2004,2004,3,9,49,70,28
USW00093129,"CEDAR CITY AIRPORT, UT US",37.7086,-113.0944,1702.6,3/10/2004,2004,3,10,45,59,31
USW00093129,"CEDAR CITY AIRPORT, UT US",37.7086,-113.0944,1702.6,3/11/2004,2004,3,11,43,62,23
USW00093129,"CEDAR CITY AIRPORT, UT US",37.7086,-113.0944,1702.6,3/12/2004,2004,3,12,46,67,25
USW00093129,"CEDAR CITY AIRPORT, UT US",37.7086,-113.0944,1702.6,3/13/2004,2004,3,13,46,64,27
USW00093129,"CEDAR CITY AIRPORT, UT US",37.7086,-113.0944,1702.6,3/14/2004,2004,3,14,49,70,28
USW00093129,"CEDAR CITY AIRPORT, UT US",37.7086,-113.0944,1702.6,3/15/2004,2004,3,15,48,64,31
USW00093129,"CEDAR CITY AIRPORT, UT US",37.7086,-113.0944,1702.6,3/16/2004,2004,3,16,46,65,27
USW00093129,"CEDAR CITY AIRPORT, UT US",37.7086,-113.0944,1702.6,3/17/2004,2004,3,17,47,68,26
USW00093129,"CEDAR CITY AIRPORT, UT US",37.7086,-113.0944,1702.6,3/18/2004,2004,3,18,51,73,28
USW00093129,"CEDAR CITY AIRPORT, UT US",37.7086,-113.0944,1702.6,3/19/2004,2004,3,19,58,75,41
USW00093129,"CEDAR CITY AIRPORT, UT US",37.7086,-113.0944,1702.6,3/20/2004,2004,3,20,57,80,33
USW00093129,"CEDAR CITY AIRPORT, UT US",37.7086,-113.0944,1702.6,3/21/2004,2004,3,21,57,81,33
USW00093129,"CEDAR CITY AIRPORT, UT US",37.7086,-113.0944,1702.6,3/22/2004,2004,3,22,59,78,40
USW00093129,"CEDAR CITY AIRPORT, UT US",37.7086,-113.0944,1702.6,3/23/2004,2004,3,23,61,74,48
USW00093129,"CEDAR CITY AIRPORT, UT US",37.7086,-113.0944,1702.6,3/24/2004,2004,3,24,56,71,40
USW00093129,"CEDAR CITY AIRPORT, UT US",37.7086,-113.0944,1702.6,3/25/2004,2004,3,25,54,71,36
USW00093129,"CEDAR CITY AIRPORT, UT US",37.7086,-113.0944,1702.6,3/26/2004,2004,3,26,45,57,32
USW00093129,"CEDAR CITY AIRPORT, UT US",37.7086,-113.0944,1702.6,3/27/2004,2004,3,27,43,57,28
USW00093129,"CEDAR CITY AIRPORT, UT US",37.7086,-113.0944,1702.6,3/28/2004,2004,3,28,41,58,23
USW00093129,"CEDAR CITY AIRPORT, UT US",37.7086,-113.0944,1702.6,3/29/2004,2004,3,29,46,70,22
USW00093129,"CEDAR CITY AIRPORT, UT US",37.7086,-113.0944,1702.6,3/30/2004,2004,3,30,55,74,35
USW00093129,"CEDAR CITY AIRPORT, UT US",37.7086,-113.0944,1702.6,3/31/2004,2004,3,31,57,75,38
USW00093129,"CEDAR CITY AIRPORT, UT US",37.7086,-113.0944,1702.6,4/1/2004,2004,4,1,52,63,41
USW00093129,"CEDAR CITY AIRPORT, UT US",37.7086,-113.0944,1702.6,4/2/2004,2004,4,2,49,59,39
USW00093129,"CEDAR CITY AIRPORT, UT US",37.7086,-113.0944,1702.6,4/3/2004,2004,4,3,47,58,35
USW00093129,"CEDAR CITY AIRPORT, UT US",37.7086,-113.0944,1702.6,4/4/2004,2004,4,4,48,60,36
USW00093129,"CEDAR CITY AIRPORT, UT US",37.7086,-113.0944,1702.6,4/5/2004,2004,4,5,52,69,35
USW00093129,"CEDAR CITY AIRPORT, UT US",37.7086,-113.0944,1702.6,4/6/2004,2004,4,6,52,66,37
USW00093129,"CEDAR CITY AIRPORT, UT US",37.7086,-113.0944,1702.6,4/7/2004,2004,4,7,48,59,36
USW00093129,"CEDAR CITY AIRPORT, UT US",37.7086,-113.0944,1702.6,4/8/2004,2004,4,8,45,58,32
USW00093129,"CEDAR CITY AIRPORT, UT US",37.7086,-113.0944,1702.6,4/9/2004,2004,4,9,48,64,31
USW00093129,"CEDAR CITY AIRPORT, UT US",37.7086,-113.0944,1702.6,4/10/2004,2004,4,10,42,52,31
USW00093129,"CEDAR CITY AIRPORT, UT US",37.7086,-113.0944,1702.6,4/11/2004,2004,4,11,41,59,23
USW00093129,"CEDAR CITY AIRPORT, UT US",37.7086,-113.0944,1702.6,4/12/2004,2004,4,12,47,70,24
USW00093129,"CEDAR CITY AIRPORT, UT US",37.7086,-113.0944,1702.6,4/13/2004,2004,4,13,52,71,32
USW00093129,"CEDAR CITY AIRPORT, UT US",37.7086,-113.0944,1702.6,4/14/2004,2004,4,14,52,66,37
USW00093129,"CEDAR CITY AIRPORT, UT US",37.7086,-113.0944,1702.6,4/15/2004,2004,4,15,54,69,39
USW00093129,"CEDAR CITY AIRPORT, UT US",37.7086,-113.0944,1702.6,4/16/2004,2004,4,16,55,68,42
USW00093129,"CEDAR CITY AIRPORT, UT US",37.7086,-113.0944,1702.6,4/17/2004,2004,4,17,51,63,39
USW00093129,"CEDAR CITY AIRPORT, UT US",37.7086,-113.0944,1702.6,4/18/2004,2004,4,18,42,51,32
USW00093129,"CEDAR CITY AIRPORT, UT US",37.7086,-113.0944,1702.6,4/19/2004,2004,4,19,43,54,32
USW00093129,"CEDAR CITY AIRPORT, UT US",37.7086,-113.0944,1702.6,4/20/2004,2004,4,20,48,63,32
USW00093129,"CEDAR CITY AIRPORT, UT US",37.7086,-113.0944,1702.6,4/21/2004,2004,4,21,52,63,41
USW00093129,"CEDAR CITY AIRPORT, UT US",37.7086,-113.0944,1702.6,4/22/2004,2004,4,22,38,45,31
USW00093129,"CEDAR CITY AIRPORT, UT US",37.7086,-113.0944,1702.6,4/23/2004,2004,4,23,45,59,30
USW00093129,"CEDAR CITY AIRPORT, UT US",37.7086,-113.0944,1702.6,4/24/2004,2004,4,24,48,67,29
USW00093129,"CEDAR CITY AIRPORT, UT US",37.7086,-113.0944,1702.6,4/25/2004,2004,4,25,51,69,33
USW00093129,"CEDAR CITY AIRPORT, UT US",37.7086,-113.0944,1702.6,4/26/2004,2004,4,26,55,76,33
USW00093129,"CEDAR CITY AIRPORT, UT US",37.7086,-113.0944,1702.6,4/27/2004,2004,4,27,57,78,35
USW00093129,"CEDAR CITY AIRPORT, UT US",37.7086,-113.0944,1702.6,4/28/2004,2004,4,28,57,75,38
USW00093129,"CEDAR CITY AIRPORT, UT US",37.7086,-113.0944,1702.6,4/29/2004,2004,4,29,42,53,30
USW00093129,"CEDAR CITY AIRPORT, UT US",37.7086,-113.0944,1702.6,4/30/2004,2004,4,30,47,64,30
USW00093129,"CEDAR CITY AIRPORT, UT US",37.7086,-113.0944,1702.6,5/1/2004,2004,5,1,52,74,29
USW00093129,"CEDAR CITY AIRPORT, UT US",37.7086,-113.0944,1702.6,5/2/2004,2004,5,2,56,79,33
USW00093129,"CEDAR CITY AIRPORT, UT US",37.7086,-113.0944,1702.6,5/3/2004,2004,5,3,62,84,40
USW00093129,"CEDAR CITY AIRPORT, UT US",37.7086,-113.0944,1702.6,5/4/2004,2004,5,4,66,84,48
USW00093129,"CEDAR CITY AIRPORT, UT US",37.7086,-113.0944,1702.6,5/5/2004,2004,5,5,66,80,52
USW00093129,"CEDAR CITY AIRPORT, UT US",37.7086,-113.0944,1702.6,5/6/2004,2004,5,6,63,77,48
USW00093129,"CEDAR CITY AIRPORT, UT US",37.7086,-113.0944,1702.6,5/7/2004,2004,5,7,59,77,41
USW00093129,"CEDAR CITY AIRPORT, UT US",37.7086,-113.0944,1702.6,5/8/2004,2004,5,8,62,80,43
USW00093129,"CEDAR CITY AIRPORT, UT US",37.7086,-113.0944,1702.6,5/9/2004,2004,5,9,61,80,41
USW00093129,"CEDAR CITY AIRPORT, UT US",37.7086,-113.0944,1702.6,5/10/2004,2004,5,10,63,80,46
USW00093129,"CEDAR CITY AIRPORT, UT US",37.7086,-113.0944,1702.6,5/11/2004,2004,5,11,50,65,35
USW00093129,"CEDAR CITY AIRPORT, UT US",37.7086,-113.0944,1702.6,5/12/2004,2004,5,12,45,57,32
USW00093129,"CEDAR CITY AIRPORT, UT US",37.7086,-113.0944,1702.6,5/13/2004,2004,5,13,49,64,34
USW00093129,"CEDAR CITY AIRPORT, UT US",37.7086,-113.0944,1702.6,5/14/2004,2004,5,14,56,75,37
USW00093129,"CEDAR CITY AIRPORT, UT US",37.7086,-113.0944,1702.6,5/15/2004,2004,5,15,61,78,43
USW00093129,"CEDAR CITY AIRPORT, UT US",37.7086,-113.0944,1702.6,5/16/2004,2004,5,16,64,78,49
USW00093129,"CEDAR CITY AIRPORT, UT US",37.7086,-113.0944,1702.6,5/17/2004,2004,5,17,67,75,59
USW00093129,"CEDAR CITY AIRPORT, UT US",37.7086,-113.0944,1702.6,5/18/2004,2004,5,18,64,76,51
USW00093129,"CEDAR CITY AIRPORT, UT US",37.7086,-113.0944,1702.6,5/19/2004,2004,5,19,64,77,51
USW00093129,"CEDAR CITY AIRPORT, UT US",37.7086,-113.0944,1702.6,5/20/2004,2004,5,20,60,76,43
USW00093129,"CEDAR CITY AIRPORT, UT US",37.7086,-113.0944,1702.6,5/21/2004,2004,5,21,58,72,44
USW00093129,"CEDAR CITY AIRPORT, UT US",37.7086,-113.0944,1702.6,5/22/2004,2004,5,22,57,70,43
USW00093129,"CEDAR CITY AIRPORT, UT US",37.7086,-113.0944,1702.6,5/23/2004,2004,5,23,59,73,44
USW00093129,"CEDAR CITY AIRPORT, UT US",37.7086,-113.0944,1702.6,5/24/2004,2004,5,24,54,73,34
USW00093129,"CEDAR CITY AIRPORT, UT US",37.7086,-113.0944,1702.6,5/25/2004,2004,5,25,55,73,36
USW00093129,"CEDAR CITY AIRPORT, UT US",37.7086,-113.0944,1702.6,5/26/2004,2004,5,26,55,74,35
USW00093129,"CEDAR CITY AIRPORT, UT US",37.7086,-113.0944,1702.6,5/27/2004,2004,5,27,67,81,53
USW00093129,"CEDAR CITY AIRPORT, UT US",37.7086,-113.0944,1702.6,5/28/2004,2004,5,28,65,77,52
USW00093129,"CEDAR CITY AIRPORT, UT US",37.7086,-113.0944,1702.6,5/29/2004,2004,5,29,52,62,41
USW00093129,"CEDAR CITY AIRPORT, UT US",37.7086,-113.0944,1702.6,5/30/2004,2004,5,30,55,73,36
USW00093129,"CEDAR CITY AIRPORT, UT US",37.7086,-113.0944,1702.6,5/31/2004,2004,5,31,62,82,42
USW00093129,"CEDAR CITY AIRPORT, UT US",37.7086,-113.0944,1702.6,6/1/2004,2004,6,1,66,86,46
USW00093129,"CEDAR CITY AIRPORT, UT US",37.7086,-113.0944,1702.6,6/2/2004,2004,6,2,69,88,50
USW00093129,"CEDAR CITY AIRPORT, UT US",37.7086,-113.0944,1702.6,6/3/2004,2004,6,3,69,89,49
USW00093129,"CEDAR CITY AIRPORT, UT US",37.7086,-113.0944,1702.6,6/4/2004,2004,6,4,70,90,50
USW00093129,"CEDAR CITY AIRPORT, UT US",37.7086,-113.0944,1702.6,6/5/2004,2004,6,5,71,91,51
USW00093129,"CEDAR CITY AIRPORT, UT US",37.7086,-113.0944,1702.6,6/6/2004,2004,6,6,74,91,56
USW00093129,"CEDAR CITY AIRPORT, UT US",37.7086,-113.0944,1702.6,6/7/2004,2004,6,7,75,88,61
USW00093129,"CEDAR CITY AIRPORT, UT US",37.7086,-113.0944,1702.6,6/8/2004,2004,6,8,76,84,67
USW00093129,"CEDAR CITY AIRPORT, UT US",37.7086,-113.0944,1702.6,6/9/2004,2004,6,9,61,74,48
USW00093129,"CEDAR CITY AIRPORT, UT US",37.7086,-113.0944,1702.6,6/10/2004,2004,6,10,57,71,43
USW00093129,"CEDAR CITY AIRPORT, UT US",37.7086,-113.0944,1702.6,6/11/2004,2004,6,11,60,79,40
USW00093129,"CEDAR CITY AIRPORT, UT US",37.7086,-113.0944,1702.6,6/12/2004,2004,6,12,64,82,46
USW00093129,"CEDAR CITY AIRPORT, UT US",37.7086,-113.0944,1702.6,6/13/2004,2004,6,13,68,89,50
USW00093129,"CEDAR CITY AIRPORT, UT US",37.7086,-113.0944,1702.6,6/14/2004,2004,6,14,71,92,49
USW00093129,"CEDAR CITY AIRPORT, UT US",37.7086,-113.0944,1702.6,6/15/2004,2004,6,15,68,84,52
USW00093129,"CEDAR CITY AIRPORT, UT US",37.7086,-113.0944,1702.6,6/16/2004,2004,6,16,68,84,51
USW00093129,"CEDAR CITY AIRPORT, UT US",37.7086,-113.0944,1702.6,6/17/2004,2004,6,17,64,75,53
USW00093129,"CEDAR CITY AIRPORT, UT US",37.7086,-113.0944,1702.6,6/18/2004,2004,6,18,64,84,43
USW00093129,"CEDAR CITY AIRPORT, UT US",37.7086,-113.0944,1702.6,6/19/2004,2004,6,19,70,86,53
USW00093129,"CEDAR CITY AIRPORT, UT US",37.7086,-113.0944,1702.6,6/20/2004,2004,6,20,68,88,48
USW00093129,"CEDAR CITY AIRPORT, UT US",37.7086,-113.0944,1702.6,6/21/2004,2004,6,21,65,81,48
USW00093129,"CEDAR CITY AIRPORT, UT US",37.7086,-113.0944,1702.6,6/22/2004,2004,6,22,64,86,41
USW00093129,"CEDAR CITY AIRPORT, UT US",37.7086,-113.0944,1702.6,6/23/2004,2004,6,23,69,89,49
USW00093129,"CEDAR CITY AIRPORT, UT US",37.7086,-113.0944,1702.6,6/24/2004,2004,6,24,69,88,50
USW00093129,"CEDAR CITY AIRPORT, UT US",37.7086,-113.0944,1702.6,6/25/2004,2004,6,25,71,87,54
USW00093129,"CEDAR CITY AIRPORT, UT US",37.7086,-113.0944,1702.6,6/26/2004,2004,6,26,72,88,55
USW00093129,"CEDAR CITY AIRPORT, UT US",37.7086,-113.0944,1702.6,6/27/2004,2004,6,27,69,89,48
USW00093129,"CEDAR CITY AIRPORT, UT US",37.7086,-113.0944,1702.6,6/28/2004,2004,6,28,70,81,59
USW00093129,"CEDAR CITY AIRPORT, UT US",37.7086,-113.0944,1702.6,6/29/2004,2004,6,29,70,83,57
USW00093129,"CEDAR CITY AIRPORT, UT US",37.7086,-113.0944,1702.6,6/30/2004,2004,6,30,66,83,48
